batch_pred,batch_y
9.3538265,9.9804945
9.809115,10.768506
9.165339,11.002116
9.073035,9.975855
9.701756,10.308986
8.674447,10.175459
9.469857,10.308986
9.8101015,10.819798
9.464116,10.308986
10.383922,10.859018
9.811452,10.532123
10.082358,10.532123
9.682801,10.463132
10.409988,10.021315
9.924602,10.126671
9.724309,9.903538
9.697259,10.221977
9.271325,10.59666
9.616004,10.021315
9.92183,10.915107
9.688055,10.532123
10.050391,10.657283
9.497796,10.621157
9.955105,10.8685875
9.698339,10.818197
9.919917,10.043293
10.111844,10.275085
9.9259405,10.068663
9.682586,9.811427
9.699377,10.59666
8.890952,10.325515
9.76451,11.225244
10.328429,10.463103
10.318803,10.463103
10.3104,11.082143
9.888724,11.225244
9.860329,10.714417
9.788944,10.463103
9.959239,10.463103
10.10355,10.463103
9.65043,10.463103
10.22264,10.463103
10.296346,10.463103
10.156402,11.082143
10.430552,11.082143
9.953377,10.463103
9.777959,9.999752
9.675906,10.341775
10.116345,11.279744
9.770067,10.221977
9.417424,9.952325
9.587146,9.923339
10.080217,10.71444
9.430806,9.711176
9.583775,11.359786
10.083549,10.220376
10.050877,10.477316
9.725986,9.975855
9.658469,9.975855
9.5808525,9.680407
9.94287,10.491302
10.030532,10.043293
9.695325,10.221977
9.799481,11.112463
9.128826,9.680407
9.836843,10.041117
9.548844,9.975855
10.225793,10.532123
9.967822,10.59666
9.526784,9.711176
10.000932,10.463132
9.302757,9.852247
9.777229,10.097779
9.8813505,10.280999
9.655703,10.357775
9.654912,9.7981825
10.005804,10.280999
9.7657,9.852247
10.411334,11.279744
9.700897,10.021315
9.375804,10.308986
9.774388,9.555701
9.513696,9.82558
9.653841,9.680407
9.419081,10.505095
9.781425,9.952325
10.138548,10.915107
9.582555,10.1849375
9.888303,10.819798
9.81582,10.609082
9.820897,9.998843
9.371237,10.077483
9.650302,10.165891
9.749682,10.021315
9.698407,10.913506
10.102666,9.765661
9.579273,9.64866
9.723202,9.528867
10.002888,10.5764065
9.323398,8.922392
9.695096,10.491302
10.01552,10.511921
10.03753,10.292179
9.679996,9.615872
9.83903,9.975855
10.040908,10.71444
10.287129,10.257694
9.699697,11.462064
9.898519,10.021315
9.661607,10.434145
8.950259,9.998843
9.690383,10.341775
10.123473,10.573187
9.569856,9.7981825
9.853896,10.434145
10.132102,10.242848
10.13417,9.82558
10.137032,10.126671
9.763043,10.0533285
9.694072,10.126671
9.663678,11.238923
9.236205,10.308986
10.049493,10.363472
10.317634,10.257694
9.329599,10.043293
9.849434,9.711176
9.055749,9.7981825
9.735002,9.510519
9.540267,9.711176
10.142045,10.140337
9.856486,10.420166
9.578041,9.952325
9.940406,10.389026
9.820029,10.59666
10.102501,10.532123
9.646194,9.741028
10.068678,9.770013
9.98057,10.747229
9.926076,10.71444
9.864686,9.82558
10.237003,10.71444
8.995957,10.064798
9.597907,10.165891
9.909792,10.71444
10.026046,10.71444
10.198977,10.532123
10.035687,9.852668
10.1698265,9.7981825
10.341008,10.021315
9.204106,10.163965
9.84932,10.0533285
9.680966,10.275085
10.219591,10.448744
9.906835,9.433564
10.306739,10.915107
9.863217,10.59666
9.851389,9.82558
9.883148,9.734891
10.045518,10.819798
10.054194,10.2036295
9.670148,10.085851
9.942939,10.308986
10.014743,9.903538
9.94016,10.021315
10.345859,10.59666
9.198215,10.651147
9.5622425,10.819798
9.913066,10.165891
9.898057,9.839003
9.890571,10.329572
10.00502,10.0533285
9.803641,10.389026
10.305272,10.463132
9.684365,10.097779
10.533475,10.915107
9.504802,10.021315
9.204173,10.645449
9.698021,10.097779
9.644603,9.66148
9.125649,9.680407
9.65791,9.975855
9.477746,10.71444
10.020637,10.463132
9.876905,9.903538
9.988069,10.165891
9.943707,9.952325
9.8492365,10.064798
10.118293,10.657283
9.982705,10.532123
9.76207,9.510519
9.777354,10.657283
10.001737,9.711176
10.461444,11.156265
9.693257,9.765661
9.778697,10.165891
10.196165,9.998843
9.370763,10.389026
10.104623,9.952325
10.172909,10.532123
10.119689,9.510519
9.433003,9.755626
9.897782,10.308986
9.452973,9.952325
9.694314,10.59666
9.807477,10.097779
10.190301,10.463132
10.156777,10.221977
9.9732485,10.559582
9.579871,10.152338
10.012754,10.07538
9.089318,9.82558
9.902825,9.952325
9.939633,10.308986
9.54045,9.686637
9.312907,10.021315
9.394666,9.952325
9.552896,9.82558
9.295289,10.021315
10.348039,10.992066
9.057626,10.434145
9.616231,10.373523
9.901698,10.239996
9.879367,10.627431
9.657355,10.126671
9.455453,9.557541
9.415574,9.615872
9.671264,9.615872
9.938245,11.434975
9.6165905,10.78934
10.160818,10.463103
9.020623,9.615872
9.987937,10.888838
9.77801,9.433564
9.557977,9.770013
9.653658,9.770013
10.5505295,10.72549
9.168439,9.878221
9.966456,10.72549
10.309812,10.968216
10.353547,10.532123
10.16556,10.819798
10.082741,10.558439
10.612454,11.042938
9.504307,10.819798
10.222186,11.258046
10.088022,11.289794
9.565036,10.112451
10.039311,10.915107
9.790225,11.002116
9.557017,10.237779
9.4926195,10.819798
10.237121,11.082158
10.117025,10.532123
10.054849,10.532363
9.535017,9.903538
9.818486,10.532123
9.617108,10.126671
9.854289,10.59666
9.004516,10.153195
9.701309,9.9804945
9.478736,9.952325
9.336465,10.203592
9.801834,10.809748
10.314481,10.518701
9.926855,10.657283
9.994607,10.538767
9.561238,10.558439
9.861493,10.778977
10.130603,9.958023
9.999009,9.928229
9.140439,10.153195
9.196053,10.265349
10.155725,10.7987795
9.962268,10.691968
9.871573,10.571342
9.728066,9.852247
9.913501,10.045031
9.9313,10.855937
9.876264,10.389026
9.932076,11.407576
9.952113,10.389026
10.039263,10.239996
10.118856,9.770013
9.991511,10.463132
10.184117,10.927394
9.888422,9.952325
9.572549,10.657283
9.814437,9.852247
9.735938,10.768506
9.824026,9.7981825
9.869758,10.657283
9.371822,9.952325
9.607566,10.532123
9.709842,10.389026
9.690868,10.332702
9.589728,10.165891
9.306613,10.532123
9.676116,10.193991
9.955053,10.7987795
10.070638,9.711176
9.81077,10.389026
9.614581,9.741028
10.254718,10.907807
9.873897,10.275085
9.814273,10.249946
9.785446,10.085851
9.928318,10.819798
9.830144,10.809748
9.888408,10.357775
9.891372,10.308986
9.773553,10.448744
9.944049,10.162808
9.963585,10.628158
9.698926,10.532123
9.815506,10.357775
9.78429,10.1849375
9.449074,10.59666
10.051167,9.862718
10.253012,11.056603
10.255122,10.463132
10.132121,10.532123
9.815148,10.448744
10.056937,10.657283
10.057944,10.268166
9.700862,10.768506
9.918693,10.422311
9.665494,10.239996
10.318284,9.472781
9.363624,10.064798
10.235577,10.1849375
9.559449,10.341775
9.552087,10.609082
9.875501,10.450481
9.785779,10.165891
9.686784,9.903538
10.059877,10.628158
9.88601,10.234265
9.857978,10.064798
10.09679,10.332702
9.775168,10.657283
9.565016,10.021315
9.653924,10.357775
9.792154,11.407576
9.790645,9.911506
9.916201,10.221977
9.43324,10.308986
9.648599,10.064798
9.875759,10.357775
10.209302,10.043293
10.069236,10.645449
8.988183,9.975855
10.126338,10.389026
9.512737,10.419331
9.824359,10.532123
9.817768,10.126671
10.029273,10.915107
10.375724,10.297251
9.928521,10.341775
10.066497,10.657283
9.722667,10.874286
10.075283,10.221977
9.942554,10.165891
9.72844,10.463132
9.704026,10.491302
10.02019,10.71444
10.169339,10.357775
10.053743,10.491302
9.672063,9.911506
9.801719,9.757363
9.66479,9.903538
9.957309,11.042938
9.844228,10.657283
9.857958,10.657283
9.861292,10.505095
9.982804,10.085851
9.667115,10.389026
9.857408,10.959558
10.036798,10.275085
10.067246,10.221977
8.914041,9.964159
10.110688,10.275085
9.90688,11.082158
9.858983,10.045031
9.931291,10.021315
9.871828,10.389026
9.18299,10.404293
9.627861,10.275085
10.050643,11.156265
9.980575,10.332702
10.116331,10.389026
9.625317,10.126671
9.925831,10.002473
9.457372,10.633472
10.115802,10.2036295
9.662365,10.05608
9.818835,10.463132
10.31947,10.239996
10.065167,10.2036295
9.789718,11.002116
10.098726,10.463132
9.575871,10.532123
9.545383,10.532123
10.141726,9.536113
9.965358,10.021315
9.587672,10.234265
10.131772,10.657283
9.909627,10.308986
9.937451,10.71444
9.9292145,10.1849375
9.609632,9.9804945
9.695906,10.463132
9.69811,10.818197
9.806687,10.68627
9.874717,10.239996
9.872821,9.741028
9.660832,10.085851
9.637575,9.903538
10.0507145,10.308986
9.592223,10.126671
10.03332,10.221977
9.649055,10.1849375
10.0593605,9.975855
10.029109,9.862718
9.631701,10.059679
10.166214,10.181157
9.883374,10.165891
9.693505,10.221977
10.06516,10.463132
9.978019,10.275085
9.62695,10.106469
10.0755415,10.673619
10.009347,10.819798
9.6086035,9.865318
9.546853,9.865318
9.754922,10.176601
9.820578,10.389026
9.645831,10.558439
9.627443,10.308986
9.640612,9.865318
9.953448,10.633472
10.027705,10.308986
9.997104,10.463132
9.901715,11.115443
9.784308,11.324196
10.031561,9.852247
9.981045,9.975855
9.583638,9.755626
9.76685,9.581973
10.30383,10.043293
10.235454,9.472781
9.863139,10.221977
9.826802,10.221977
9.906154,10.165891
10.250064,9.64866
9.958608,10.1849375
9.806722,10.463132
10.15324,10.239996
9.984992,10.1849375
9.823821,10.106469
9.860584,9.903538
9.7487955,10.532123
9.34685,10.199175
9.45498,10.532123
9.73298,9.711176
9.711797,10.257694
9.9178915,10.819798
9.467693,10.341775
9.520307,10.532123
9.508881,10.275085
10.024529,10.221977
10.065867,10.768506
9.62468,10.819798
10.181559,10.389026
9.6285305,10.221977
9.972658,10.389026
9.368054,10.106469
9.596265,10.434145
10.10632,10.448744
9.670376,9.380168
9.683026,10.221977
10.186649,10.680539
10.093196,10.146473
9.81936,10.221977
9.62581,10.2036295
10.01854,10.404293
9.792193,10.106469
9.907113,10.021315
10.0516,10.389026
9.696363,10.221977
9.929249,10.268166
10.359589,10.59666
10.141427,10.819798
9.906997,10.419331
9.886245,10.59666
9.53674,10.021315
9.458768,10.59666
9.8353405,11.002116
9.974447,10.463132
9.629161,10.2036295
9.832292,10.657283
9.644298,10.357775
9.876832,10.275085
9.452985,10.633472
10.195269,10.308986
10.102752,11.119898
10.200494,11.191356
9.091327,9.615872
9.9102335,10.419331
9.866988,10.819798
9.863765,10.085851
10.215316,10.422579
9.727291,10.156229
10.068942,9.392745
10.468217,10.106469
10.113185,9.683776
10.013967,10.519889
10.187093,10.519889
9.790831,10.0299
10.453639,10.477316
10.073994,10.491302
10.4485445,10.257694
10.28691,9.896614
10.19178,10.126671
9.741381,9.787123
9.725303,10.308986
10.192614,10.71444
10.083014,9.903538
10.170108,10.404293
10.339538,10.518701
10.397935,10.657283
9.951215,10.453082
9.732005,10.255165
10.519304,10.126671
10.264701,10.809748
10.371404,10.538767
10.512391,9.911506
10.232085,10.308986
9.874961,10.06951
9.204881,9.878221
9.535052,10.07538
9.966985,10.381243
9.740713,10.463132
10.146932,10.768506
9.903901,9.852247
10.028562,10.308986
9.89548,9.896614
10.043252,10.071287
9.980449,10.507913
10.072555,10.423917
9.807851,10.4174185
9.958726,10.878066
9.846867,9.903538
10.249157,11.512936
10.011954,10.221977
9.849654,10.389026
9.8021555,9.903538
9.7447405,10.292179
9.5623045,10.2036295
9.609084,9.903538
9.399579,9.89096
9.716308,9.903538
9.399803,9.903538
9.921128,9.770013
10.102252,9.852247
9.990254,9.903538
9.757054,9.998843
9.851422,9.998843
9.335972,10.2036295
9.722993,9.770013
9.800415,9.770013
10.032083,9.839003
9.335183,9.528867
9.279498,9.528867
9.533324,9.903538
10.157547,10.59666
9.729878,9.615872
9.717635,9.878221
9.854847,10.239996
10.287682,10.959558
10.363336,11.407576
10.6954,11.119898
10.011468,11.407576
9.895741,11.407576
10.414196,11.289794
10.418403,11.191356
9.972987,11.407576
10.235118,10.419331
10.1036825,11.472114
10.935951,10.915107
10.875019,11.002116
10.651701,10.8685875
10.250281,11.119898
10.341805,10.8685875
10.485589,11.608245
10.301965,10.555839
10.057723,11.379406
10.448406,11.225257
10.401103,11.407576
10.084716,11.289794
9.920007,9.729194
9.2803955,10.819798
10.281793,10.645449
9.697778,10.819798
10.666305,11.320565
10.692035,10.768506
10.787972,11.156265
10.122527,11.320565
10.157346,10.703267
10.481232,11.042938
10.321772,10.59666
10.141258,11.350418
10.104884,10.915107
10.41409,10.657283
9.947131,10.59666
10.224246,11.042938
10.036604,11.191356
10.425706,10.768506
10.148414,11.156265
10.057675,10.545368
10.020987,10.308986
10.787291,11.156265
10.439378,10.819798
10.002843,11.156265
9.471835,11.002116
9.371307,10.933125
10.142842,10.268166
9.732258,10.268166
9.868211,10.308986
10.164975,10.758775
9.961899,11.060385
10.007187,11.407576
10.076668,11.002116
9.811763,11.380548
9.50513,11.184435
9.327752,9.862718
9.945858,10.085851
10.104739,10.532123
10.140105,11.041337
10.045913,10.673619
9.885777,10.532123
10.032137,10.71444
10.085761,10.768506
9.666603,10.165891
10.112004,10.257694
9.426976,9.433564
9.817193,10.021315
9.700196,10.221977
9.499658,10.532123
9.745192,10.532123
10.110143,10.308986
9.909404,10.71444
9.863087,10.59666
9.844348,10.477316
10.006743,10.768506
9.765226,10.819798
9.754949,10.1849375
9.926532,10.532123
9.581733,10.2036295
9.407525,10.043293
9.868693,10.248884
10.075891,10.59666
10.023719,10.043293
9.394853,10.142544
9.661535,10.491302
9.90994,10.308986
9.847167,10.221977
9.238149,10.021315
10.451114,11.004114
9.893279,10.308986
9.863254,11.258046
9.906132,11.082158
9.7578745,9.964159
10.237795,11.320565
9.90075,11.042922
10.171969,11.042922
12.051982,11.379395
10.242961,11.042922
10.244684,11.042922
10.603235,11.379395
10.288777,11.379395
9.918768,11.042922
10.049411,11.042922
10.064742,11.042922
10.461573,11.379395
9.94469,11.042922
10.069997,11.042922
9.828317,11.042922
10.456311,11.042922
10.234183,11.042922
10.584753,11.379395
10.075805,11.042922
10.233886,11.042922
10.170899,11.042922
10.079488,11.042922
10.395148,11.042922
10.556853,11.042922
10.014447,11.042922
10.073405,11.042922
10.497226,11.042922
9.520316,9.7981825
9.963723,10.389026
9.998666,11.002116
9.878383,10.085851
10.194306,10.389026
9.809664,9.770013
10.318478,10.768506
10.34813,11.191356
10.289577,10.768506
10.549813,11.156265
10.487473,10.959558
10.420995,10.463132
10.340674,11.041337
10.531371,10.308986
9.97025,10.71444
9.8516035,10.736419
9.682185,10.126671
10.062222,9.952325
10.2939415,10.78934
9.996179,9.952325
10.081517,10.126671
9.47727,10.2036295
9.910714,10.357775
9.994677,10.491302
9.988689,10.819798
9.622964,9.975855
9.706592,10.59666
9.391155,10.2036295
9.648572,10.532123
10.031734,10.389026
9.623635,10.221977
9.8944025,10.768506
10.032807,9.928229
9.714684,11.225257
9.714684,11.225257
9.714684,11.225257
9.826172,11.002116
9.519071,11.002116
9.519071,11.082158
10.508473,11.002116
10.265897,10.71444
10.274357,10.71444
9.934354,10.463132
9.967822,10.463132
10.093923,11.191356
9.927296,11.350418
9.785315,10.126671
10.432662,11.097425
9.987559,10.59666
10.357017,10.292179
10.343305,10.59666
10.230351,10.404293
10.414161,11.002116
10.446562,10.8685875
10.261093,9.615872
9.748718,9.878221
10.331013,10.768506
10.00755,9.615872
10.222514,10.463132
10.434274,10.389026
10.314538,10.768506
10.268963,10.59666
10.114373,11.472114
10.073648,10.257694
10.17776,10.950824
10.018561,11.097425
9.906699,10.532123
10.438275,11.191356
10.618454,11.790565
10.178906,9.975855
10.258512,11.191356
10.225297,10.819798
9.818044,10.308986
10.024989,10.199175
9.940511,10.064798
10.379346,10.518701
10.698776,10.768506
10.107157,10.819798
10.37934,11.338584
10.217017,11.338584
9.9580965,10.404293
10.002166,10.571342
9.985763,10.59666
10.39728,10.71444
10.697003,11.338584
10.262636,11.082158
10.428533,11.002116
10.0131035,10.874286
10.227754,11.042938
10.057094,10.165891
9.495423,10.819798
9.901328,10.404293
10.261229,11.042938
10.213826,10.819798
9.762877,10.71444
9.933881,10.126671
9.670667,9.903538
9.917157,10.126671
9.816287,10.126671
9.423355,11.512936
9.870488,10.165891
9.500832,10.308986
10.362085,10.768506
10.117129,10.8685875
9.686939,10.389026
9.751012,10.389026
9.986822,10.71444
9.913992,10.657283
9.869041,10.59666
9.980481,10.8685875
10.178744,10.59666
9.869672,11.002116
10.029073,10.819798
10.242173,10.645449
10.106786,10.915107
9.939776,10.463132
10.210358,10.59666
9.909609,10.389026
9.824744,10.021315
10.143952,10.404293
10.221601,10.819798
10.132007,10.357775
9.8647175,10.538767
9.951648,11.082158
9.958194,11.042938
9.878985,10.126671
10.227639,10.915107
10.156713,11.002116
10.092967,10.59666
10.052297,10.463132
9.686544,10.021315
9.676307,10.463132
10.09402,10.915107
10.032102,10.896758
10.115296,10.71444
9.792317,10.532123
10.193799,10.778977
10.052413,10.530521
9.707725,10.736419
9.893287,10.389026
9.900498,10.915107
9.892766,10.221977
9.643044,10.275085
9.693778,10.165891
10.075923,10.389026
9.910907,10.450481
9.825183,10.768506
9.66537,11.002116
10.033726,10.915107
10.359481,10.768506
9.901364,10.532123
9.7337885,10.8685875
9.736775,11.082158
9.629205,9.903538
9.665072,9.903538
10.311196,10.819798
9.95297,10.463132
9.868751,10.221977
9.956815,9.952325
10.022091,10.106469
10.00111,10.448744
9.620248,10.463132
10.093352,10.300954
9.962923,11.225257
10.049013,11.340012
10.062682,10.758775
10.207692,10.373523
10.251992,10.915107
9.820347,10.234265
9.841384,10.434145
9.981149,10.268166
10.354672,10.463132
9.806703,10.1849375
9.610684,11.14031
9.575056,11.104972
9.946627,10.463132
9.725336,10.959558
10.342196,10.393325
9.71865,10.156229
9.927047,10.71444
10.212159,10.915107
10.142896,11.289794
10.059159,10.8685875
10.059369,10.464274
9.873949,9.998843
10.155505,10.819798
10.330543,11.082158
10.024135,10.463132
10.069863,10.609082
10.331486,10.59666
9.641564,10.389026
10.087229,10.450481
10.040867,10.221977
10.081113,10.239996
9.985839,10.532123
9.788718,10.463132
9.54405,10.71444
10.16351,10.959558
10.112526,10.915107
10.139184,10.59666
9.892938,10.915107
10.195287,10.657283
10.088981,10.357775
10.148259,10.463132
10.012841,9.82558
9.926508,10.532123
10.639504,10.959558
10.058185,10.758775
10.331761,11.184435
9.9879465,9.998843
10.085195,10.915107
9.954713,10.532123
10.232003,10.787503
10.129266,10.59666
10.147836,10.657283
10.009551,10.532123
10.172813,10.71444
10.008557,10.8685875
9.785347,10.505095
9.746839,9.975855
10.1180105,10.961295
10.224134,10.47788
10.354251,11.082128
10.021889,10.389026
9.866287,10.463132
9.954042,10.463132
9.7990675,10.257694
10.082025,10.404293
9.819398,10.71444
10.068906,11.042938
9.9610405,10.819798
10.072639,10.146473
10.174172,11.082158
10.360382,10.325515
9.761088,10.463132
10.176383,10.8685875
9.979136,10.308986
9.65994,10.021315
9.8265085,10.043293
9.904643,10.59666
9.881448,11.082158
10.251374,10.59666
9.963086,10.221977
9.773372,10.915107
10.548484,10.71444
10.1203165,10.59666
9.959476,11.407576
9.586844,10.021315
9.742452,10.609082
10.023911,11.184435
9.676727,10.657283
10.101456,10.532123
9.960306,10.959558
9.74216,9.7981825
9.87564,10.691968
10.33428,10.651147
9.991535,10.12507
10.32875,10.450481
10.086774,10.419331
9.642503,11.002116
9.764298,10.71444
10.020764,10.558439
10.235023,10.532123
9.961249,10.532123
9.98723,10.239996
10.113009,10.126671
10.374656,10.555839
9.9390135,10.71444
10.444021,10.896758
10.408042,10.251359
9.2082205,9.433564
9.983782,10.571342
9.322713,9.546884
9.96137,10.657283
9.148086,9.839003
10.069638,10.2036295
10.141134,10.373523
9.899911,10.325515
9.764207,10.165891
9.793033,10.085851
9.989327,10.2036295
9.755174,10.657283
10.058519,10.532123
10.0534725,10.915107
9.980532,10.71444
9.649331,9.903538
9.301225,9.975855
10.228969,10.221977
9.819556,10.8685875
10.058668,11.512936
9.300947,9.839003
9.177911,9.839003
9.781424,10.165891
10.018842,10.68627
9.930618,10.59666
10.2909975,11.225257
9.956691,11.320565
10.050171,10.8685875
9.633809,10.71444
10.301482,10.59666
9.983806,10.959558
10.238877,10.849357
10.226949,10.146473
10.134154,10.308986
10.138862,10.959558
10.327399,11.512936
9.782611,10.021315
10.017605,10.657283
10.235246,10.703267
10.482055,10.819798
10.420916,10.657283
10.218615,10.085851
10.28083,11.002116
10.394902,10.819798
10.534817,11.082158
9.99743,10.71444
10.113732,10.532123
10.049905,10.71444
10.411401,11.002116
9.815442,10.146473
9.419753,10.463132
9.775132,10.389026
9.144902,9.998843
9.130532,10.2036295
10.310906,10.532123
9.968138,10.633472
10.221402,10.645449
9.78644,10.463132
10.006797,11.115443
9.821355,10.819798
10.16105,10.373523
10.162343,10.959558
9.632419,9.573316
9.811102,9.528867
10.293262,10.448744
9.369704,10.064798
9.920601,11.119898
9.44311,9.852247
9.426291,9.975855
9.792568,9.903538
10.145835,9.928229
9.644843,9.7981825
10.054583,10.8685875
9.839706,11.002116
9.900025,10.463132
10.23103,10.657283
10.125844,10.165891
10.070695,10.532123
9.979138,10.308986
10.1074295,10.156229
10.108869,10.389026
9.9742565,10.389026
10.18477,10.389026
10.188253,9.852247
10.196393,9.878221
10.091902,10.463132
9.920964,10.275085
10.236789,11.289794
9.957391,10.8685875
9.456387,9.881804
10.024695,9.975855
10.134695,10.275085
10.252969,10.915107
10.10649,10.657283
9.880124,11.002116
9.53399,10.308986
10.119585,10.809748
9.724816,10.59666
10.039018,11.002116
10.007857,10.607896
9.596431,10.505095
9.568723,9.573316
9.669396,9.528867
10.1979685,11.082158
9.702199,9.615872
9.3637,9.852247
9.852025,10.221941
9.779603,10.455964
9.708623,10.59666
9.694988,10.657283
9.598968,10.308986
9.687034,10.239996
9.854669,11.042938
9.933253,9.998843
10.007239,9.82558
10.000263,10.389026
10.225885,10.308986
10.042169,10.463132
9.734109,10.308986
10.203446,11.002116
10.0753975,10.768506
10.012095,10.165891
10.117772,10.146473
10.074253,10.021315
10.219841,9.7981825
10.32907,10.357775
9.54707,11.225257
9.839755,10.59666
9.877219,11.002116
9.383765,9.680407
9.252874,9.878221
9.493492,9.878221
9.343361,10.915107
10.024218,10.8685875
9.776105,9.975855
9.205356,9.878221
9.940336,9.928229
9.548952,9.998843
10.1708,9.7981825
9.715152,9.998843
9.879857,9.770013
9.660228,10.126671
9.261965,9.6959095
10.110178,10.1849375
9.735427,9.975855
9.668325,10.126671
10.260181,10.021315
9.519969,9.7981825
10.149916,10.463132
9.864507,9.741028
10.072272,10.373523
10.247687,10.126671
9.66302,10.2036295
9.425298,9.7981825
9.46288,9.806481
10.175569,11.082158
9.822618,9.975855
9.592521,10.126671
9.768798,10.325515
9.198025,9.680407
9.77837,10.2036295
9.904209,10.043293
9.460185,9.852247
9.653175,9.7981825
9.518989,9.878221
9.637351,10.021315
10.268538,10.064798
10.048117,9.680407
9.436994,9.680407
9.165593,9.711176
9.261255,9.680407
9.343217,9.510519
9.357095,9.7981825
9.649873,10.389026
9.261624,9.741028
9.41219,9.975855
9.825858,10.419331
9.560679,9.7981825
9.679405,10.043293
9.599364,10.126671
9.703948,10.165891
9.749632,10.389026
9.6252365,9.711176
9.793892,9.64866
9.648727,10.085851
9.825509,10.07116
9.894473,10.308986
9.341651,10.085851
9.18742,9.4697
9.64391,10.341775
9.886072,10.389026
9.658637,10.126671
9.54316,9.64866
9.642471,10.126671
9.193942,9.711176
9.26324,9.64866
9.427918,9.711176
10.186058,10.463132
9.524425,9.680407
9.406352,9.770013
9.751721,9.903538
9.412635,9.581973
9.661258,10.064798
9.510852,9.998843
9.129318,9.4697
9.741212,9.862718
9.388426,10.1849375
9.185952,9.4697
9.001827,9.4697
9.479167,9.928229
9.393361,10.021315
9.4399805,10.292179
9.89509,10.221977
9.318286,9.581973
9.559981,9.903538
9.385262,9.60245
9.916638,10.59666
9.661161,10.126671
9.847564,10.085851
9.561441,9.928229
9.552895,9.64866
9.443023,9.7981825
9.646666,10.021315
9.502214,9.770013
9.694008,10.126671
9.84758,10.505095
9.276205,9.852247
10.393361,10.657283
9.493125,10.463132
9.937946,9.903538
9.667529,10.126671
9.606446,10.221977
9.827292,9.975855
9.314611,9.903538
9.931167,9.903538
9.564744,10.085851
10.007123,10.221977
9.8322935,10.463132
9.333311,10.126671
9.263219,9.541154
9.577514,9.784197
9.416274,9.903538
9.320661,10.221977
9.288577,9.680407
9.759818,9.852247
9.420833,9.903538
9.682021,10.165891
9.93653,10.71444
9.725688,11.119898
9.704921,10.221977
10.271877,10.357775
10.227052,10.373523
9.673989,10.064798
9.464936,9.903538
9.750746,10.59666
9.483993,10.463132
9.877759,10.152026
10.192901,10.221977
10.165868,10.126671
9.526719,9.546884
9.23897,9.510519
9.16188,9.546884
9.734827,10.419331
9.069131,9.878221
9.955468,10.571342
9.262229,9.546884
9.058846,9.554001
9.339858,10.021315
9.101742,9.546884
9.736258,11.407576
9.953332,9.928229
9.786681,10.239996
10.163225,10.389026
10.289115,11.1947975
9.861135,11.248973
10.23179,11.042938
10.237626,10.915107
9.87397,10.657283
9.653043,9.928229
10.127484,10.532123
10.026631,10.915107
9.8887825,10.59666
10.0797205,10.71444
10.158973,9.755626
9.673142,10.221977
9.594985,9.680407
9.537225,10.021315
9.229358,10.308986
10.267721,10.71444
9.885987,10.8685875
9.559308,9.7981825
10.155959,10.959558
9.438284,10.126671
9.802893,9.7981825
10.001321,10.126671
9.290999,9.770013
9.336433,9.770013
10.018156,10.668979
9.4298525,9.903538
10.183593,9.770013
9.918937,10.357775
9.723046,10.463132
9.487769,9.793729
9.53769,9.928229
10.173083,11.002116
9.82747,10.021315
9.621634,9.711176
10.077743,10.768506
10.171953,10.768506
10.085343,10.71444
10.050196,10.59666
9.418976,9.964159
9.793399,9.680407
9.906945,10.558439
9.596059,9.711176
9.677014,10.59666
9.3979025,10.373523
10.041056,10.292179
10.363833,11.191356
9.33254,9.852247
9.504649,10.558439
9.890372,10.126671
9.981231,10.657283
10.30162,10.450481
10.182492,10.165891
8.972247,9.987415
8.972247,10.021315
9.434672,9.615872
10.077032,10.477316
9.795219,10.71444
10.122603,10.657283
9.966512,10.275085
9.894984,10.463132
9.764625,10.518701
9.822185,10.165891
9.821162,9.392745
9.524848,10.341775
9.883474,10.116621
9.640403,10.126671
9.735914,9.639587
10.110757,10.389026
10.078542,10.221977
9.388577,10.2036295
9.717484,10.292179
9.6265545,10.308986
9.995174,10.165891
9.955486,10.028224
10.139005,9.911506
9.499953,9.711176
10.267756,11.119898
9.502406,10.915107
9.807515,9.998843
9.344174,9.584314
9.645516,10.2036295
10.04879,11.156265
9.46289,9.615872
9.855126,10.71444
9.751267,9.952325
9.63718,10.239996
10.13313,10.221977
9.584128,9.564583
10.093474,10.532123
9.740439,9.862718
10.087306,10.71444
10.127042,10.239996
9.966934,10.341775
9.413227,9.928229
9.591409,9.541154
9.389885,9.575053
9.64466,10.59666
9.248587,9.371694
10.088783,9.770013
10.058957,10.59666
10.029142,10.043293
9.185576,10.308986
9.839734,9.998843
9.805312,10.532123
9.552874,9.852247
9.83459,9.7981825
9.752623,10.308986
9.639451,10.126671
9.691775,10.59666
10.258092,10.357775
9.925715,9.998843
9.781764,9.592264
9.708931,10.59666
9.467259,9.519515
9.670101,10.126671
9.556841,10.021315
9.967092,10.819798
10.069067,10.532123
9.775603,10.558439
9.715609,9.506065
9.208711,9.770013
10.082248,10.915107
10.004205,10.463132
9.796306,10.021315
10.554115,10.555839
9.888075,10.532123
9.879186,10.335173
9.91403,9.506065
9.664554,10.308986
9.672555,10.498222
9.82143,9.639587
9.740865,10.657283
9.77493,10.275085
9.753403,10.532123
9.261477,9.928229
10.070308,10.59666
10.296252,10.393325
9.682259,10.59666
9.164133,9.159152
9.432669,10.165891
9.512029,9.998843
9.736431,10.768506
10.189156,11.002116
10.134843,10.959558
9.394149,10.221977
10.281554,10.874286
9.506626,10.064798
9.324063,9.615672
8.57461,11.350418
9.892861,10.819798
9.832738,11.002116
9.469457,10.308986
10.147043,10.463132
10.070532,11.512936
9.4465885,10.463132
9.493043,10.532123
9.66662,10.839601
9.702684,10.768506
9.419629,9.770013
9.927492,10.325515
9.709595,10.768506
9.983024,10.657283
9.948031,10.657283
9.980854,10.221977
10.115866,10.389026
9.696377,10.085851
9.493091,10.146473
9.694488,10.308986
9.657096,10.308986
10.207698,10.389026
10.142143,10.976799
9.610541,9.615872
9.371311,9.615872
9.432071,10.308986
9.553924,10.021315
9.582719,11.002116
9.603523,11.002116
9.556811,10.165891
9.426594,9.903538
9.646232,10.389026
9.513394,10.308986
9.757513,10.59666
9.44941,9.852247
9.50216,10.043293
9.275941,9.7981825
9.54823,10.021315
9.78801,10.116621
10.110605,10.491302
9.412934,10.045031
9.94368,10.78934
9.507046,10.308986
9.926259,10.463132
10.062873,10.59666
10.2754345,10.621352
9.623591,9.64866
9.599409,10.621352
9.87036,9.952325
10.053879,10.308986
10.04519,10.571342
10.24596,10.434145
9.892129,10.59666
9.396299,9.998843
10.218782,10.8685875
9.706171,11.042938
9.936428,10.221977
9.818602,10.72549
9.4858675,9.462266
9.774207,9.670357
9.434128,9.4697
9.760875,9.82558
9.757222,9.952325
10.02276,10.389026
9.933087,11.002116
10.28216,10.819798
9.491484,9.741028
10.237023,10.268166
10.103201,10.768506
9.823329,10.021315
9.511504,10.404293
10.554879,11.042938
9.961468,9.952325
9.689814,10.532123
9.218161,9.210441
9.936322,10.657283
10.104689,10.389026
9.840121,9.952325
10.116439,11.233225
9.787341,10.1849375
10.180145,10.389026
9.338862,9.615872
9.812989,10.146473
10.129814,10.71444
9.850167,11.350418
9.759033,10.043293
10.040975,10.71444
9.941029,10.1849375
9.971095,9.9804945
10.034804,9.770013
10.384132,11.277216
9.389136,9.611664
9.124901,9.546884
9.896537,10.308986
9.3786545,9.952325
10.428918,10.308986
9.657293,10.915107
9.141392,9.952325
9.850492,9.692828
9.596187,9.564232
9.210318,9.852247
9.69527,10.221977
9.72976,10.341775
9.345178,10.1849375
10.018377,10.221977
9.380412,10.463103
9.3470545,10.043293
9.350142,10.043293
9.898355,10.389026
9.842058,10.532123
9.883237,10.275085
9.185338,10.126671
10.2038355,10.389026
9.400971,9.82558
9.598754,10.085851
10.02627,11.338584
10.053696,10.463132
10.075711,10.2036295
10.019181,10.165891
10.240766,11.060385
9.920571,11.350418
10.034493,10.59666
9.613316,9.7981825
10.030679,11.350418
10.402673,9.82558
9.962612,10.463132
9.772314,10.2036295
9.993236,10.532123
10.228997,10.915107
9.652234,10.491302
9.836656,10.057452
10.0557,10.71444
10.456649,11.350418
9.842343,10.961295
9.681607,10.657283
9.715539,10.085851
10.155288,10.12507
9.813676,10.021315
9.998206,11.225257
10.137417,10.199175
9.917201,10.532123
10.202818,10.021315
10.065614,10.419331
9.79841,10.064798
10.278102,11.248973
9.930194,10.106469
9.993983,10.373523
9.688587,10.657283
10.396877,11.289794
9.399871,9.7981825
10.303344,10.915107
10.115505,10.463132
9.815446,10.106469
10.135744,10.915107
10.053735,10.8685875
10.066927,10.768506
10.279239,10.915107
9.946263,10.389026
10.341945,10.959558
9.624229,9.639587
10.44122,10.221977
10.066821,11.086456
9.920832,10.633472
9.950294,10.332702
9.929341,10.308986
10.147805,10.819798
9.695091,10.341775
9.47297,9.903538
9.773637,9.7981825
9.982607,10.1849375
10.112717,10.7987795
10.208933,10.657283
10.118819,10.341775
9.678568,10.357775
9.670522,10.021315
9.87558,10.308986
10.344239,11.184435
9.6486225,10.71444
9.799589,10.657283
9.61481,9.82558
9.272592,10.768506
9.713979,10.463132
9.116805,10.71444
9.265544,10.126671
9.306294,9.64866
9.956859,9.680407
9.570074,9.741028
9.87053,9.998843
9.791856,10.532123
9.888642,9.952325
9.549113,9.82558
9.883207,9.800845
9.821274,10.768506
9.787557,10.558439
11.071765,11.320565
10.54585,10.645449
9.414963,10.257694
10.140569,10.717103
9.980006,10.915107
9.771519,10.59666
9.590472,10.085851
10.31515,10.308986
9.604598,10.005412
9.770269,10.389026
9.6445465,11.225257
9.665369,9.878221
10.176589,10.874286
9.955813,10.457401
9.768779,10.308986
9.613383,10.308986
9.224484,9.770013
9.35936,9.770013
9.037094,9.6959095
9.38734,10.085851
9.90415,10.457401
10.073461,11.082158
9.72687,10.221977
9.656659,10.532123
9.594756,10.463103
10.212722,10.71444
10.184532,9.928229
10.075659,10.221977
9.735475,10.463132
9.581904,10.308986
9.520563,9.770013
9.439255,9.82558
10.338796,10.71444
10.153788,10.341775
10.463986,10.688051
9.916804,10.59666
9.411311,9.82558
9.676165,10.275085
9.058881,9.770013
9.709452,10.275085
9.357418,9.729194
10.253301,10.389026
10.1986475,9.903538
10.246251,10.389026
9.782918,9.82558
9.442357,9.705097
9.477014,10.545368
9.147569,9.729194
9.619779,10.126671
10.299146,10.768506
9.98704,10.71444
9.779302,10.221977
10.219551,10.819798
10.018041,10.021315
9.311739,9.392745
9.8662195,10.434145
9.959045,10.657283
9.606072,10.106469
10.167975,10.404293
9.813599,10.021315
10.084056,9.700208
9.274444,9.541154
9.7566185,10.308986
9.299602,10.085851
10.237008,10.357775
9.821988,9.852247
9.874016,9.7981825
9.5434675,9.878221
10.265853,11.156265
10.105153,10.474495
9.358618,10.532123
9.769782,11.407576
9.367976,9.741028
9.4776,9.852247
9.697019,10.085851
9.628561,10.463132
9.714395,10.085851
9.6276655,10.59666
9.57292,10.126671
9.479826,9.711176
9.927574,10.540091
10.177346,10.474495
10.105153,10.474495
9.932488,10.126671
9.452955,10.463132
9.688479,10.59666
9.375436,10.463132
9.165133,10.239996
9.685712,10.126671
10.228122,10.126671
9.883761,10.308986
9.368093,9.575053
9.631831,9.729194
9.102226,9.575053
9.9020605,10.292179
9.675307,10.491302
9.711881,11.407576
9.426394,9.65509
10.042341,10.308986
9.6009245,10.165891
9.9794035,10.221977
9.575582,9.852247
9.710158,9.928229
10.429763,10.571342
9.266266,9.64866
9.880641,10.747229
10.106175,10.71444
10.104987,11.366755
9.703522,10.404293
9.678973,10.434145
9.598692,10.370393
9.709052,10.045031
10.104818,11.042938
9.812381,10.59666
9.738368,10.59666
9.498803,10.021315
9.41641,9.975855
9.396782,9.852247
9.6161585,10.59666
10.574145,11.472114
10.168155,10.126671
10.321235,10.491302
10.417701,11.496806
9.773595,10.126671
10.511129,11.512936
9.693051,10.213285
9.703562,10.20474
10.111711,10.385173
10.008937,11.041337
9.850586,10.308986
9.783051,9.903538
9.991354,11.184435
9.774829,10.126671
10.01998,11.512936
10.030056,10.422311
9.996621,10.457401
9.913714,9.3843775
10.006765,10.225607
9.823339,8.722417
9.981175,9.575053
9.817929,10.268166
9.627033,10.457401
9.63454,10.457401
9.723049,10.257694
9.594091,10.027473
9.667953,9.680407
9.26562,10.280999
9.206963,9.575053
9.347048,9.399058
9.591962,9.542302
9.346687,9.093919
9.855786,10.901948
9.609988,9.66396
9.63963,9.621721
9.825589,10.23351
9.638093,10.917812
10.172795,11.082158
9.822085,10.23351
10.12719,11.082158
10.036637,11.002116
9.729512,10.23351
9.65156,8.786762
9.595576,10.23351
9.769084,10.23351
9.664018,10.010366
9.698591,10.714973
10.099259,10.23351
9.196867,10.748776
9.719073,10.169767
9.909803,9.597913
9.532188,9.71764
9.652582,9.71764
9.879474,11.0260935
9.749797,10.457401
9.722709,9.583076
9.634464,9.406976
9.703379,10.754236
9.497483,9.583076
9.65021,9.2680435
9.524322,9.490167
9.683774,9.537844
10.037683,10.268166
9.853137,10.385944
9.906695,10.23351
9.54823,10.126671
9.6453085,10.260008
9.933089,10.389026
9.456262,10.545368
8.666003,9.741028
10.430671,9.998843
10.276084,10.915107
10.301717,10.463132
10.014943,10.915107
10.32791,10.915107
10.181962,10.021315
9.255013,9.606765
10.119244,11.320565
9.362419,11.289794
9.72417,11.289794
9.961028,11.289794
10.010526,11.407576
10.5699215,11.512936
10.36892,11.472114
9.780679,11.472114
10.395367,11.502885
10.458156,11.472114
10.054239,11.082158
9.857368,11.082158
9.939404,10.71444
10.342936,11.512936
10.196194,11.225257
10.469216,11.338584
10.051137,11.338584
10.549273,11.338584
10.262976,11.472114
10.153264,11.320565
10.0551195,11.407576
9.784841,10.915107
10.101879,10.768506
10.478053,11.407576
10.194145,11.156265
10.554154,11.305299
10.0414915,11.350418
10.412944,11.320565
10.136838,11.264477
9.803079,11.264477
9.644008,11.264477
9.931799,11.248973
10.388906,11.156265
10.259417,11.156265
10.33653,11.156265
10.640271,11.225257
10.195517,11.184435
10.060503,11.209127
9.84073,10.819798
10.295672,11.191356
9.847083,11.082158
9.621144,11.225257
9.886235,11.082158
9.803418,11.184435
10.126725,11.184435
10.33146,11.097425
10.6877985,11.050906
10.0782795,11.156265
10.587274,11.156265
10.282125,10.819798
9.972683,11.082158
10.144221,11.156265
9.953023,10.915107
9.455814,11.119898
10.297097,11.002116
10.4659395,11.082158
10.277176,11.082158
9.948779,10.71444
9.996254,10.819798
9.971889,10.819798
9.948075,10.71444
9.978907,11.273665
10.240328,11.248973
10.047597,11.0023
10.472222,11.050906
9.556868,11.042938
9.695028,11.002116
10.034296,11.002116
10.432574,10.959558
9.853987,11.082158
9.77962,10.959558
10.367398,11.002116
10.441573,10.8685875
10.269866,10.959558
9.749322,10.915107
10.091147,10.915107
10.263062,10.849357
10.4404745,11.002116
9.909777,10.71444
10.140243,10.819798
10.0448065,10.896758
9.9979925,10.915107
10.1870165,10.959558
9.715827,10.8685875
9.993617,10.915107
10.114007,10.59666
10.452245,10.959558
9.794797,10.819798
10.1452265,10.915107
10.148495,10.915107
9.849076,10.819798
10.400092,10.959558
10.307652,10.959558
9.73422,10.8685875
9.875483,10.959558
9.964573,10.434145
10.048942,11.002116
9.964279,10.915107
9.5721655,11.115443
10.007567,10.874286
9.964458,11.086456
9.565038,10.736419
10.266051,10.819798
10.085748,10.8685875
10.2631645,10.8685875
9.856007,10.819798
10.01275,10.915107
9.96589,10.819798
9.509408,10.768506
10.270671,10.768506
10.229369,10.915107
9.930253,10.915107
10.028373,10.819798
9.47642,10.819798
10.154493,10.915107
9.464362,10.819798
9.820575,10.819798
9.903077,10.221977
10.153176,10.419331
9.823087,10.8685875
10.082902,10.819798
9.785814,10.325515
10.434464,10.827766
10.2078085,10.78934
9.972598,10.680539
9.480321,10.989876
9.544236,10.609082
10.446631,10.819798
10.217973,10.71444
10.336259,10.657283
9.524572,10.308986
10.210408,10.558439
10.458316,10.819798
10.057775,10.532123
10.379501,10.59666
10.532045,10.768506
10.196213,10.691968
9.849879,10.71444
9.895034,10.691968
10.018989,10.819798
9.546037,10.463132
9.628919,10.463132
9.865736,10.532123
9.61485,10.71444
9.747095,10.657283
9.627734,10.799596
10.290147,10.819798
9.899274,10.1849375
9.702428,10.1849375
10.413697,10.477316
9.714524,10.768506
9.646018,10.71444
10.000535,10.71444
9.973249,10.126671
10.223229,10.768506
9.494323,10.936975
10.406953,10.747229
9.579974,10.357775
9.960334,10.680539
10.34151,10.59666
9.701097,10.657283
9.857206,10.657283
10.152867,10.59666
9.601563,10.59666
9.900562,10.59666
9.792667,10.71444
10.026708,10.71444
10.238967,10.59666
10.209708,10.511921
9.737177,10.59666
9.890235,10.59666
9.662801,10.532123
9.923408,10.657283
9.735015,10.657283
10.005752,10.768506
9.854089,10.59666
10.268251,10.71444
10.1519785,10.59666
9.885137,10.59666
10.013307,10.59666
10.172544,10.532123
10.079483,10.71444
10.082507,10.657283
10.10528,10.633472
9.846356,10.021315
9.5266075,10.532123
10.443542,10.657283
9.251041,10.657283
9.339358,10.126671
9.916797,10.7232895
10.265746,10.657283
9.68707,10.385944
10.311747,10.59666
9.788324,10.59666
9.743207,10.657283
10.286229,10.59666
10.308139,10.657283
10.132886,10.532123
9.522199,9.472781
9.54279,10.657283
10.424298,10.59666
10.0055065,10.59666
10.143273,10.657283
9.206149,10.633472
10.021409,10.558439
10.0322,10.633472
9.912408,10.633472
9.551097,10.571342
9.742255,10.80033
9.871568,10.558439
9.628591,10.518701
10.091746,10.673619
9.939205,10.778977
10.018226,10.491302
9.667415,10.621352
9.978424,10.558439
10.341637,10.657283
9.919101,10.558439
9.707561,10.735636
10.002279,10.463132
9.978241,10.463132
10.298354,10.532123
10.137066,10.532123
10.197419,10.571342
9.956121,10.463132
10.001906,10.532123
9.771094,10.59666
10.327532,10.463132
9.636807,10.463132
10.100865,10.463132
9.7967205,10.463132
9.944766,10.389026
10.212238,10.59666
9.927758,10.532123
10.02509,10.463132
10.06918,10.463132
10.291381,9.903538
9.851777,10.59666
9.3153,10.59666
9.76479,10.463132
9.97198,10.463132
9.710273,10.463132
10.091741,10.59666
9.674727,10.532123
9.713308,10.389026
10.020779,10.463132
9.29634,10.59666
10.177537,10.505095
9.469653,10.389026
9.978543,9.903538
9.692664,9.903538
10.078312,10.532123
10.072608,10.308986
9.937016,10.59666
9.867703,10.308986
10.221695,9.903538
10.049859,10.463132
10.027095,10.463132
10.080434,10.448744
10.001792,10.505095
9.909263,10.505095
10.245104,10.545368
9.60748,10.545368
9.676602,10.545368
9.611364,10.463132
9.922681,10.477316
9.799367,10.66693
10.03129,10.419331
10.070966,10.477316
9.938075,10.491302
9.938201,10.491302
9.71144,10.488743
9.758425,10.648871
9.633844,10.648871
9.701188,10.648871
9.438758,10.648871
10.206845,10.463132
9.862365,10.434145
10.186601,10.404293
9.854022,10.338544
10.1655245,10.491302
9.887971,10.325515
10.067598,10.404293
9.81044,10.463132
10.206488,10.657283
10.099727,10.275085
9.991007,11.082158
10.155205,10.434145
9.564524,10.768506
9.379901,10.308986
9.702615,9.975855
10.135579,10.463132
9.743323,10.463132
9.592402,9.546884
9.672055,9.510519
10.149112,11.002116
9.945876,10.59666
9.845998,10.308986
9.883669,9.546884
10.047765,10.389026
9.942887,11.002116
9.6695795,10.1849375
9.620673,10.463132
10.277259,10.389026
10.005724,11.289794
10.055152,11.225257
9.441445,10.021315
8.652959,9.862718
9.47659,10.71444
9.664502,10.389026
9.623874,10.389026
10.249008,10.448744
10.109401,10.463132
10.322114,10.419331
10.351238,10.389026
9.741709,10.389026
9.959399,10.308986
9.614023,10.419331
10.01858,10.389026
9.3195715,10.463132
9.970999,10.239996
10.047706,10.389026
9.451858,10.463132
10.135879,10.463132
9.489406,10.292179
10.120083,10.463132
9.860055,10.463132
9.989043,10.463132
9.98029,10.389026
10.175736,10.389026
10.010599,10.389026
10.188611,10.308986
10.07256,10.389026
9.491151,10.292179
10.072124,10.308986
9.707976,10.308986
10.075267,10.308986
10.084029,10.389026
9.964579,10.308986
9.964053,10.434145
10.184209,10.389026
9.962775,10.389026
9.705329,10.389026
9.904849,10.389026
9.893037,10.289973
9.852069,10.389026
9.8496065,10.389026
9.619781,10.308986
10.149499,10.463132
10.119957,10.308986
9.557742,10.1849375
9.968459,10.389026
10.066329,10.463132
10.043654,10.373523
9.902962,10.275085
9.813015,10.434145
9.893196,10.434145
10.215879,10.357775
10.007244,10.357775
9.801688,10.357775
9.926528,10.275085
10.010707,10.308986
9.627959,10.165891
9.8160715,10.126671
10.013158,10.308986
9.884532,10.1849375
9.739988,10.221977
10.054948,10.221977
9.589683,10.308986
9.902029,10.221977
9.811063,10.308986
10.0749,10.308986
9.534604,10.308986
10.073289,10.275085
9.913242,10.239996
9.895008,10.318045
9.813999,10.165891
10.144166,10.1849375
10.04947,10.146473
9.83121,10.1849375
10.135791,10.239996
9.975757,10.1849375
9.892646,10.221977
10.171593,10.239996
9.796707,10.434145
10.400714,10.2036295
10.033356,10.1849375
9.783991,10.165891
9.961955,10.165891
10.189722,10.126671
9.831242,10.146473
9.797207,10.064798
9.725978,10.2036295
9.928967,10.146473
9.548149,10.165891
9.6341095,10.126671
9.964639,10.126671
10.073167,10.064798
9.713345,10.085851
10.361843,10.043293
9.948884,10.126671
9.815871,10.064798
9.740577,9.770013
9.479224,9.770013
9.910881,9.964159
9.497487,9.839003
10.256808,10.021315
10.151142,10.021315
9.765855,10.126671
9.938577,10.126671
9.658793,9.903538
10.239301,10.126671
9.726285,10.126671
10.130574,10.308986
9.82163,10.126671
9.703206,10.021315
10.098394,9.852247
9.884598,10.021315
9.904109,10.021315
9.672311,10.126671
10.157409,10.021315
9.708068,10.021315
9.925425,10.043293
9.854619,10.021315
9.906444,10.021315
9.852445,10.064798
9.916898,10.021315
10.178983,10.021315
9.587583,9.770013
9.98215,10.064798
9.825785,10.085851
10.023572,9.998843
10.07269,9.998843
9.482878,10.085851
9.403099,9.7981825
9.6714115,9.7981825
9.746857,9.998843
10.003114,10.021315
10.19898,10.043293
9.786811,9.7981825
9.619876,10.085851
9.815287,9.729194
9.922072,10.064798
9.914832,9.7981825
9.854867,10.05608
9.553586,9.975855
9.980455,9.921131
9.827489,9.770013
9.966893,9.952325
9.662576,9.952325
9.647954,9.952325
9.629733,10.021315
10.012069,9.998843
10.09893,9.903538
9.546315,9.878221
9.49167,9.615872
9.438796,9.615872
9.780253,9.903538
9.9380865,9.998843
9.634276,9.903538
9.822274,9.878221
9.798537,9.928229
9.756447,9.952325
9.918442,9.952325
9.956506,9.952325
10.137353,9.878221
9.947644,9.9223585
10.348861,10.06399
9.79096,9.911506
9.786231,9.903538
9.826869,9.878221
9.476207,9.770013
9.677699,10.221977
9.533923,9.903538
9.603118,9.680407
9.428111,9.903538
9.591308,9.903538
9.915778,9.903538
9.846665,9.903538
9.476081,9.769957
10.029024,9.741028
9.87245,9.741028
9.501439,9.741028
9.543913,9.7981825
9.674975,9.7981825
9.556868,9.686637
9.286473,9.554001
9.831026,9.82558
9.440039,9.546884
9.721876,9.546884
9.492459,9.7981825
9.585047,9.7981825
9.661469,9.766694
9.888871,9.741028
9.663207,9.770013
9.569248,9.697447
9.91039,9.581973
9.7500515,9.546884
9.586301,9.624303
9.683543,9.615872
9.811877,9.615872
9.682675,9.510519
9.908374,9.615872
9.611932,10.357775
9.977445,9.488048
9.463172,9.510519
9.864073,9.546884
9.905559,9.510519
9.623222,9.453365
9.962848,9.601369
9.93036,9.587612
9.581714,9.159152
10.014121,11.181766
9.814988,9.218408
10.034342,10.863317
9.923016,10.021315
9.948464,9.770013
9.706758,10.165891
10.044544,11.191356
9.808753,11.156265
9.712563,9.958023
10.083642,9.903538
9.932136,10.292179
9.1788845,10.064798
9.643447,9.7981825
9.363198,9.7981825
9.708058,9.903538
9.597983,9.903538
10.062005,9.615872
9.745188,10.463132
9.080733,9.615872
9.7105665,9.903538
9.885299,9.615872
9.90078,10.126671
9.876143,10.126671
9.512965,9.210441
8.3516,9.350189
8.752258,8.9227915
8.797196,8.657129
9.270328,9.210441
9.193679,10.59666
9.031525,9.210441
9.726758,8.9227915
9.124032,8.9227915
8.911775,9.210441
10.120616,11.156265
9.895315,11.225257
9.648501,10.268166
9.862886,10.268166
9.790592,10.275085
9.501159,9.903538
9.962263,9.998843
9.832425,10.457401
9.892496,10.389026
10.028743,10.422311
9.766604,9.903538
10.085718,10.043293
9.994124,10.021315
10.197207,10.532363
9.472975,9.966274
9.791506,10.621352
9.971602,10.876971
10.067289,10.343387
9.571422,10.06951
9.0137415,9.621589
9.931138,11.156265
9.437947,10.408858
9.613848,10.603834
9.613848,10.535769
9.83883,10.383565
9.779585,10.029503
9.735526,9.492582
10.093703,10.25418
9.607967,10.59666
10.021119,10.59666
9.781402,10.59666
10.293579,11.225257
10.600721,11.461642
9.566546,10.463132
10.446984,11.512936
10.351241,10.915107
10.201282,10.71444
10.558415,11.082158
10.1187,10.71444
9.658258,9.685393
10.104755,10.8685875
9.697289,11.143614
9.990142,10.268166
9.597842,9.575053
9.786233,9.615872
10.207044,10.165891
9.853422,9.768412
9.638548,10.165891
9.653847,10.165891
9.739777,9.768412
9.750516,9.768412
9.705121,10.146473
9.678796,9.384714
10.062,10.106469
9.812456,9.768412
9.636964,10.657283
9.787003,10.167811
10.1050625,10.221977
9.683494,10.504547
9.363691,10.085851
9.530455,9.554143
9.851468,10.1849375
9.4509535,9.554143
9.466966,10.234265
9.659669,10.504547
9.913503,10.146473
9.906249,10.239996
9.826329,10.738156
10.07564,10.308986
9.696948,10.892303
9.749035,10.332702
9.92487,10.837245
10.053735,10.085851
9.943,10.818197
10.005823,10.308986
9.824624,11.115443
9.703428,10.855937
9.923297,10.657283
10.08565,10.621352
10.070626,10.1849375
9.85312,10.651147
9.949379,10.778977
10.0112295,10.778977
9.67922,10.126671
10.183844,10.727685
10.341952,11.264477
9.483972,9.975855
10.726058,11.042938
9.567914,10.126671
9.515549,10.126671
9.794675,9.680407
9.910628,10.633472
10.058982,10.657283
9.832892,10.404293
9.890652,10.308986
10.334325,10.389026
9.798272,9.852247
10.299513,10.819798
10.122113,10.819798
9.570817,10.357775
9.81638,10.819798
9.778709,10.126671
9.832042,10.71444
9.902173,10.064798
9.687581,10.308986
10.1687,10.532363
10.237695,10.532363
9.71173,10.71444
9.652774,10.389026
9.905908,10.389026
9.877032,10.59666
9.978077,11.002116
9.93221,10.71444
10.326949,10.959558
10.229493,11.289794
9.712188,10.633472
9.752814,10.221977
10.026588,10.555839
10.132628,10.491302
10.18456,10.558439
9.772729,10.239996
9.971129,10.609082
9.69388,9.711176
9.90032,10.275085
10.132332,10.341775
9.443139,9.711176
8.735424,10.2036295
9.74055,10.221977
9.429264,10.463132
9.884297,9.741028
9.811893,10.747229
9.53057,10.768506
10.062654,10.915107
10.233691,10.959558
9.982387,11.042938
10.068368,10.308986
10.258251,11.082158
10.063909,10.126671
10.202686,10.59666
9.446837,10.1849375
10.056773,10.78934
9.923457,10.085851
9.925256,10.896758
10.024917,10.736419
9.836659,10.524091
10.302403,10.545368
9.857622,10.463132
9.451816,10.357775
10.252513,11.119898
10.044137,11.082158
10.34798,10.819798
9.506921,10.1849375
9.49157,10.71444
10.048444,10.463132
10.1684675,10.757924
9.409562,10.043293
10.325421,10.657283
10.136329,10.085851
10.229468,9.975855
9.943423,10.657283
10.084797,10.59666
10.224872,9.975855
9.776652,9.495594
9.770422,9.746892
9.946612,10.532123
9.885836,10.126671
9.845113,10.239996
10.26724,10.571342
9.80643,9.7981825
9.80643,9.581973
9.924217,10.657283
10.215987,11.350418
10.330835,11.289794
9.832572,10.432379
10.007069,10.463132
9.92155,11.082158
10.235055,8.818926
9.647368,10.066923
9.7006235,10.348206
9.523873,10.348206
9.193025,9.903538
10.024562,10.537442
8.792127,9.903538
10.0513315,10.537442
9.737125,9.680407
9.705976,10.463132
9.295414,9.615872
9.820962,9.472781
10.015832,10.537442
10.119038,10.537442
10.233598,10.463132
10.147659,10.308986
9.666907,9.431963
9.452882,10.126671
9.505557,9.7981825
9.869273,9.903538
9.747975,10.308986
9.728334,10.239996
9.733296,10.71444
10.104008,10.2036295
10.074384,10.2036295
10.253743,11.066654
10.211609,10.537442
10.006505,10.59666
9.134931,9.7981825
10.175287,10.537442
9.953683,10.165891
9.715568,10.819798
9.899354,10.545368
9.681757,10.71444
10.015411,10.59666
9.88441,10.463132
9.222501,10.389026
9.269944,9.952325
9.617282,10.157859
9.732738,10.819798
10.130417,10.545368
9.800173,11.350418
9.6319475,9.903538
9.94523,10.463132
9.658799,9.770013
9.61523,9.546884
9.750287,9.679907
10.43024,10.915107
9.90854,11.350418
10.0294485,10.571342
9.878953,10.915107
9.924352,10.59666
9.697103,10.336957
9.322326,9.730978
10.3545475,10.915107
10.234392,10.537442
9.8777685,10.5355835
9.578359,10.308986
9.538491,11.002116
9.695033,11.082158
9.620666,11.225257
10.340186,11.350418
9.990963,11.350418
9.533,9.998843
9.476712,9.809232
10.211229,10.537442
10.482343,10.463132
10.167023,10.502352
9.280304,10.308986
9.362167,10.126671
9.357139,10.545368
9.491406,10.545368
9.311793,10.545368
9.891665,10.502352
10.207805,10.537442
9.35765,10.126671
9.177884,9.852247
9.0482025,10.126671
9.895602,10.59666
9.606369,10.59666
10.360259,10.502352
10.13503,10.571342
10.142549,10.502352
9.675841,10.448744
9.991235,10.571342
9.539601,9.838202
9.777479,9.741028
9.496374,9.998843
9.892652,10.308986
10.193326,10.915107
10.2927685,10.308986
9.251777,9.852247
10.415141,11.476894
9.892289,10.308986
10.118872,10.463132
9.981372,10.59666
10.199477,10.502352
9.911741,10.571342
10.142549,10.502352
9.616946,9.729194
9.482797,9.729194
9.75161,9.729194
9.695406,11.289794
9.736916,11.289794
9.918878,11.289794
9.821223,11.289794
9.693362,11.289794
10.494885,11.918397
10.272471,11.097425
10.403316,11.461642
10.379725,11.608245
10.355313,11.289794
10.281327,11.258046
10.304568,11.4876175
10.208516,11.472114
10.391562,11.413116
9.922734,11.496806
10.352232,11.407576
10.319707,11.407576
10.258933,11.407576
10.630632,11.350418
10.40407,11.407576
10.257827,11.434975
10.253904,11.156265
10.169784,10.959558
10.426776,11.156265
10.131284,11.156265
10.024163,11.446796
10.445124,11.407576
10.169364,11.420821
10.460967,11.407576
10.228959,11.407576
10.154459,11.440366
9.86842,11.407576
10.38189,11.472114
10.433061,11.407576
10.595039,11.338584
10.141839,11.407576
10.336251,11.350418
10.252821,11.407576
10.2113085,11.352769
10.440989,11.289794
10.148946,11.373675
9.954492,11.289794
10.212825,11.407576
10.130954,11.407576
10.314809,11.320565
10.533551,11.320565
10.703317,11.350418
10.1121,10.71444
10.026479,10.1849375
10.31371,11.225257
10.290225,11.138247
10.295983,11.305299
10.295426,11.366755
10.237651,11.258046
10.304206,11.258046
10.25121,11.191356
10.040328,11.258046
10.166535,11.119898
10.401158,11.258046
9.981406,11.366755
10.305657,11.264477
10.331615,11.264477
10.300368,11.264477
10.770829,11.338584
10.14928,11.338584
9.83048,11.184435
10.51344,11.184435
10.391945,11.184435
10.515675,11.338584
9.987924,11.472114
10.5158415,11.256755
10.594754,11.082158
10.204997,11.289794
10.464953,11.191356
10.406486,11.156265
10.253341,11.082158
10.223232,11.156265
10.488538,11.225257
10.210454,11.156265
10.276992,11.156265
10.07452,11.225257
9.928121,11.156265
10.402167,11.225257
10.447825,11.289794
10.203206,11.156265
10.308465,11.082158
10.286748,11.289794
10.06137,11.258046
10.14722,11.225257
10.392489,11.225257
10.040095,10.915107
10.065885,11.217225
10.063476,11.233225
10.249738,11.200964
10.474072,11.184435
10.413922,11.225257
10.59905,11.225257
10.310212,11.097425
10.205004,11.366755
10.167148,11.366755
10.167148,11.366755
9.98063,11.248973
9.645715,10.959558
10.097947,10.915107
10.425107,11.156265
10.404812,11.082158
10.220784,11.225257
10.031723,11.156265
10.294446,11.156265
10.370453,10.71444
10.416467,11.156265
10.188748,11.156265
10.260083,11.156265
10.518945,11.119898
10.313748,10.959558
10.375473,10.959558
10.179703,11.082158
10.616532,11.225257
10.468694,11.021919
10.682528,11.1346035
10.476269,11.141876
10.093997,11.184435
9.831167,11.184435
10.595559,11.002116
10.364907,11.156265
10.210698,10.915107
10.089606,11.156265
9.664631,11.119898
9.768281,11.082158
10.146102,10.959558
10.252366,11.156265
10.051776,11.082158
10.306587,11.082158
10.464667,11.082158
10.338508,11.002116
9.966802,11.119898
10.322944,11.002116
10.225742,11.042938
10.444405,11.042938
10.19523,11.082158
10.178159,11.002116
10.121401,11.002116
10.1195135,11.002116
10.331216,11.002116
10.1225195,11.156265
9.874312,11.082158
10.230908,11.156265
9.82231,11.082158
10.144429,11.119898
10.630645,11.119898
9.792876,10.8685875
9.973599,11.184435
10.143733,10.961295
9.994356,11.248973
10.060363,11.248973
9.642834,11.184435
10.122569,11.248973
9.863412,11.248973
10.175705,11.115443
9.902098,11.248973
10.311761,11.031674
10.413785,11.088293
9.968384,11.082158
10.252326,10.959558
10.090619,10.915107
9.9484415,10.959558
10.212932,11.082158
9.882052,11.042938
10.375108,11.082158
10.372663,11.042938
10.418921,11.082158
10.272236,10.959558
10.022104,11.082158
10.488953,11.082158
10.282011,10.8685875
10.326991,10.959558
10.173569,11.082158
9.615193,11.042938
10.058547,10.389026
10.166395,11.002116
10.408069,10.8685875
10.095943,11.002116
9.981868,10.915107
9.762286,10.915107
10.267108,10.915107
10.151066,11.002116
10.233736,11.002116
10.20341,11.082158
10.353143,11.079077
10.181481,10.896758
9.760876,11.079077
10.311843,10.959558
10.261081,10.959558
10.289004,10.937579
10.424727,10.574542
10.503568,10.946428
10.088297,10.817797
10.170789,10.915107
10.403464,10.915107
10.198802,11.002116
9.917473,10.959558
9.819841,10.915107
9.7553005,11.002116
10.085078,10.915107
10.231117,10.819798
10.575221,10.959558
9.912324,10.8685875
9.909312,10.915107
10.018311,10.915107
9.860883,10.8685875
10.123602,10.8685875
10.134168,10.8685875
10.194787,10.819798
10.063525,10.308986
9.679437,10.896758
9.626248,10.691968
10.269904,10.71444
9.991427,10.959558
10.038999,11.002116
10.520626,11.002116
10.093918,10.915107
10.214574,10.915107
9.836444,10.959558
10.03963,10.915107
10.056317,10.915107
10.239549,10.8685875
10.191937,10.819798
10.474426,10.915107
9.971864,10.915107
9.525395,10.819798
9.906543,10.915107
10.148007,10.308986
10.568624,10.915107
10.006875,10.959558
10.205857,10.959558
10.274493,10.915107
9.996079,11.002116
10.357204,10.915107
9.65994,10.8685875
10.142558,10.915107
10.162187,10.819798
10.09278,10.819798
10.057641,10.915107
10.053733,11.002116
10.173152,10.819798
10.200511,10.915107
10.2086935,11.002116
10.254379,10.915107
10.110339,11.002116
9.94631,10.968216
9.84607,10.8685875
10.191222,10.915107
10.231799,10.819798
10.217166,11.041337
9.999582,11.010084
9.819874,10.961295
9.814513,10.961295
10.078371,11.093782
9.959874,11.115443
10.274338,10.924156
9.965224,10.849357
10.215228,10.918736
10.224435,10.887456
10.285018,10.950824
9.727176,10.839601
9.96209,10.839601
9.644643,10.839601
9.879558,10.839601
9.84175,10.78934
10.0634165,10.878066
10.163366,10.944489
9.947629,10.851296
9.940858,10.71444
9.706246,10.819798
9.948166,10.819798
9.895189,10.768506
9.868346,10.915107
10.147824,10.819798
9.938294,10.819798
10.236676,10.8685875
9.936601,10.768506
10.1135025,10.819798
10.249985,10.819798
9.367817,10.71444
9.376301,10.915107
10.185977,10.768506
9.814309,10.819798
9.96668,10.819798
10.431071,10.768506
10.425654,10.819798
10.0255995,10.8685875
9.673037,10.789319
9.997904,10.915107
9.817151,10.915107
9.8562765,10.8685875
9.9608,10.915107
9.869833,10.915107
10.129045,10.819798
9.7377,10.8685875
10.052497,10.768506
9.928312,10.819798
9.913939,10.8685875
10.186753,10.819798
9.638926,10.915107
9.948617,10.768506
9.911256,10.819798
10.681981,10.71444
10.096402,10.768506
10.202689,10.819798
9.998115,10.809748
10.076455,10.839601
9.914422,10.896758
10.341388,10.896758
9.746701,11.025832
9.92752,10.878066
9.763934,10.827766
10.405776,10.874286
9.604459,10.736419
9.951489,10.819798
9.776548,10.719848
9.407862,10.719848
10.07042,10.892303
9.909956,10.874286
10.042552,10.855937
9.941098,10.874286
10.084975,10.874286
10.794359,10.532123
10.091868,10.71444
10.381739,10.657283
10.289117,10.768506
10.264184,10.768506
10.092819,10.59666
9.584309,10.463132
9.589328,10.463132
9.650418,10.71444
10.054458,10.768506
10.272796,10.71444
10.046946,10.71444
9.907025,10.819798
10.192874,10.71444
10.238211,10.819798
10.255689,10.768506
10.032891,10.71444
10.191867,10.657283
10.460725,10.819798
9.760499,10.71444
10.186667,10.768506
10.092551,10.59666
9.795674,10.819798
9.9096155,10.691968
9.744657,10.71444
10.241513,10.71444
9.989057,10.819798
10.171211,10.71444
9.859544,10.819798
10.197125,10.59666
9.721664,10.819798
9.26886,10.819798
9.820939,10.819798
10.193133,10.819798
9.624274,10.819798
10.361325,10.768506
10.2887945,10.71444
10.067733,10.768506
9.760852,10.799596
9.862189,10.819798
9.813498,10.768506
10.071482,10.71444
10.022848,10.532123
10.033575,10.59666
10.238169,10.657283
9.779761,10.768506
10.462079,10.768506
9.868145,10.657283
9.827689,10.71444
9.276069,10.71444
9.697584,10.657283
9.541305,10.71444
9.83977,10.404293
9.999658,10.736419
10.016575,10.819798
10.259341,10.768506
9.520938,10.463132
9.520938,10.463132
10.18943,10.768506
9.6233635,10.71444
9.569507,10.819798
10.404398,10.768506
10.1800585,10.819798
10.031053,10.768506
10.014059,10.768506
9.471646,10.71444
10.00475,10.768506
9.76043,10.657283
10.040731,10.71444
9.691623,10.768506
9.986691,10.768506
9.802962,10.819798
10.24047,10.71444
9.815837,10.71444
10.545125,10.768506
9.7722025,10.71444
9.755322,10.71444
10.374867,10.819798
10.290944,10.768506
9.980976,10.819798
10.347915,10.768506
10.0752535,10.768506
9.940207,10.768506
9.807872,10.768506
9.924833,10.819798
9.853902,10.71444
10.241597,10.799596
10.079844,10.757924
10.167867,10.708869
10.015128,10.927394
9.802021,10.927394
10.448634,10.645449
10.1069,10.645449
10.085616,10.778977
10.210273,10.491302
10.11826,10.778977
10.307162,10.727685
9.992939,10.736419
9.633873,10.778977
10.111029,10.778977
10.143642,10.7987795
10.273741,10.741838
10.022664,10.680539
10.2438345,10.621352
9.887304,10.736419
10.308187,10.571342
9.937531,10.609082
10.13499,10.517348
9.936902,10.517348
10.274002,10.668979
9.922201,10.706095
9.98087,10.532123
9.865746,10.609082
10.012908,10.59666
9.797715,10.532123
9.856871,10.59666
9.549695,10.59666
9.8583975,10.532123
9.836507,10.532123
10.052564,10.532123
9.9231615,10.463132
10.041087,10.532123
10.547937,10.71444
9.885648,10.657283
9.678661,10.71444
10.066169,10.657283
10.359864,10.657283
9.653539,9.975855
9.794111,10.404293
10.127764,10.71444
9.553428,10.657283
9.554831,9.852247
10.093986,10.657283
10.140199,10.609082
10.142053,10.657283
10.057026,10.71444
10.122062,10.59666
10.148829,10.633472
9.805708,10.59666
10.376171,10.657283
9.966901,10.59666
9.862875,10.633472
9.930502,10.71444
9.886989,10.532123
9.723269,10.59666
9.732663,10.532123
9.527062,10.59666
9.918104,10.532123
9.675906,10.657283
9.323716,10.657283
10.081157,10.59666
9.971249,10.657283
9.787656,10.59666
10.247255,10.657283
9.9603815,10.657283
9.775575,10.59666
9.515346,10.657283
10.540968,10.71444
9.649688,10.657283
9.722014,10.657283
10.186548,10.59666
10.119851,10.71444
9.618218,10.59666
9.354665,10.657283
10.2983055,10.71444
9.833975,10.657283
9.938172,10.657283
10.28789,10.71444
9.913179,10.59666
10.088511,10.59666
9.824172,10.657283
9.587068,10.71444
9.804881,10.657283
9.887944,10.657283
9.960946,10.657283
9.910832,10.532123
10.065105,10.59666
9.7779,10.657283
9.799838,10.657283
10.189986,10.59666
10.131228,10.657283
9.799138,10.657283
9.667729,10.657283
9.976182,10.657283
10.322887,10.71444
10.277791,10.657283
9.572206,10.71444
10.087188,10.657283
9.764535,10.71444
9.315792,10.357775
10.22751,10.657283
10.124949,10.657283
10.258668,10.021315
9.58249,10.633472
9.623099,10.657283
9.863362,10.59666
10.533774,10.71444
10.201958,10.657283
9.835179,10.59666
10.149248,10.657283
9.425546,10.59666
9.797261,10.59666
9.766609,10.658505
9.959592,10.699417
10.08004,10.633472
9.965798,10.645449
10.232575,10.691968
9.783208,10.758775
10.0214405,10.778977
9.881097,10.778977
9.348639,10.778977
9.987474,10.758775
10.107995,10.778977
10.045108,10.738156
10.343719,10.555839
9.535903,10.778977
10.261668,10.778977
10.486722,10.673619
10.22664,10.609082
9.7266245,10.505095
9.7775,10.59666
10.417509,10.633472
10.11885,10.609082
9.340489,10.786531
9.805167,10.758775
9.812049,10.758775
10.037601,10.717103
10.020963,10.695598
10.180772,10.695598
9.59668,10.609082
10.03907,10.717103
9.583468,10.463132
10.098353,10.571342
10.064617,10.491302
9.827321,10.645449
9.695382,10.738156
9.374199,10.758775
10.083376,10.695598
10.129624,10.717103
10.076026,10.717103
9.845566,10.59666
9.355309,10.5836
9.948595,10.609082
9.731219,10.477316
9.96802,10.584082
9.553577,10.621352
10.004891,10.616462
9.841526,10.730204
9.717914,10.532123
9.909421,10.532123
10.138235,10.59666
10.270834,9.903538
10.302922,10.463132
10.268451,10.463132
9.858993,10.59666
9.914748,10.59666
10.05425,10.463132
10.127255,10.463132
10.033107,10.532123
9.47247,10.532123
10.261569,10.59666
10.2858715,10.59666
9.788669,10.275085
9.996383,10.532123
10.27728,10.59666
10.091905,10.463132
9.784184,10.463132
9.9876375,10.532123
9.96027,10.558439
10.402202,10.532123
10.1206255,10.532123
9.621182,10.463132
9.8864355,10.532123
10.083266,10.463132
9.827989,10.064798
9.800107,9.903538
8.834229,9.903538
9.585713,10.463132
9.495296,10.419331
10.0859375,10.59666
9.633073,10.463132
10.133044,10.59666
9.727262,10.532123
10.080107,10.463132
9.743846,10.59666
9.736529,10.463132
9.793761,10.434145
9.756434,10.463132
9.888522,10.463132
9.454467,10.389026
10.214215,10.463132
10.303807,10.49269
9.761485,10.389026
9.704034,10.59666
10.470056,10.532123
9.974595,10.463132
9.622443,10.532123
9.862983,10.532123
10.215454,10.463132
10.221423,10.532123
9.6722555,10.532123
9.854257,10.59666
9.560878,10.389026
9.968715,10.389026
9.50519,10.59666
10.4225,10.532123
9.7265005,10.532123
10.098174,10.463132
9.908206,10.463132
10.313625,10.59666
9.383583,10.59666
9.176427,10.532123
9.605901,10.463132
9.683509,10.59666
10.0929365,10.463132
10.011815,10.463132
10.083621,10.308986
9.950757,10.532123
10.31133,10.463132
9.881354,10.59666
9.678397,10.463132
10.075391,10.532123
10.081195,10.463132
10.108363,10.59666
9.808997,10.308986
10.072717,10.463132
9.988465,10.463132
10.177182,10.59666
10.190616,10.463132
9.883992,10.463132
9.979663,10.558439
9.82739,10.463132
10.424891,10.434145
10.063895,10.532123
10.349788,10.463132
9.5015955,10.532123
9.478269,10.463132
9.812784,10.59666
9.794083,10.463132
9.735027,10.532123
9.960954,10.463132
9.984867,10.571342
10.195351,10.463132
9.90208,10.532123
9.457997,10.532123
10.270302,10.558439
10.127692,10.518701
9.818366,10.571342
9.783633,10.532123
9.853161,10.695598
9.918,10.695598
10.157624,10.628158
9.722003,10.385944
10.241848,10.555839
9.846576,10.55391
9.958847,10.477316
10.039271,10.491302
9.844836,10.477316
9.818207,10.434145
10.113839,9.852247
9.891831,9.8705
9.897212,10.463132
10.061341,10.505095
9.871835,10.545368
9.922376,10.404293
9.854331,10.404293
9.07883,10.505095
9.862324,10.545368
10.26384,10.434145
10.035353,10.545368
9.380128,10.545368
10.197407,10.566201
10.174005,10.524091
9.391175,10.518701
9.266784,10.477316
9.605703,10.419331
10.253905,10.463132
9.344647,10.518701
9.865859,10.491302
9.868367,10.463132
9.430284,10.448744
9.975525,10.518701
9.96687,10.518701
10.154904,10.621352
9.867177,10.498222
9.507385,10.491302
9.833799,10.419331
9.93945,10.518701
10.067563,10.491302
9.697402,10.325515
10.198192,10.257694
9.975712,10.419331
10.203578,10.419331
10.198404,10.651147
9.582656,10.391331
9.703116,10.491302
10.291382,10.41184
9.601705,10.385944
10.061982,10.422311
10.020213,10.477316
10.238402,10.419331
9.841013,10.308986
10.31346,10.422311
10.099078,10.448744
9.459124,10.404293
9.889599,10.488604
10.154601,10.487573
9.909092,10.504547
9.902923,10.604628
10.065061,10.580531
10.11751,10.389026
9.89998,10.463132
9.672191,10.389026
9.72491,10.357775
10.013549,10.389026
9.903544,10.341775
9.971992,10.341775
9.627578,10.463132
9.849973,10.389026
10.01998,10.463132
8.750627,10.389026
9.829749,10.419331
9.093252,10.1849375
10.242423,10.389026
10.154064,10.357775
10.145753,10.434145
10.034459,10.389026
9.890639,10.419331
9.739744,10.308986
9.748708,10.389026
10.066056,10.389026
9.632659,10.389026
10.205004,10.389026
9.548282,10.239996
10.007028,10.434145
9.789542,10.308986
9.806148,10.308986
9.683875,10.308986
9.944473,10.308986
9.962914,10.36568
10.009196,10.463132
10.076262,10.308986
10.263224,10.308986
9.409469,9.770013
10.091439,10.308986
9.485415,10.463132
9.633237,10.463132
9.537423,10.308986
9.823452,10.308986
10.2387705,10.389026
9.979206,10.221977
10.194013,10.389026
10.181886,10.357775
10.488444,10.419331
9.4136,10.308986
9.85766,10.463132
10.226754,10.341775
9.712226,10.308986
9.429575,10.389026
10.131533,10.463132
10.15404,10.308986
10.059184,10.463132
10.198806,10.389026
9.813365,10.419331
10.138786,10.357775
9.858365,10.15448
9.94447,10.389026
9.866015,10.463132
9.890941,10.389026
10.242008,10.357775
10.0123205,10.389026
9.723185,10.419331
9.980421,10.463132
9.726634,10.463132
10.239158,10.308986
10.0071,10.419331
9.343186,10.463132
9.544528,10.389026
9.922634,10.463132
9.962465,10.463132
9.911687,10.389026
9.804658,10.308986
10.403071,10.463132
9.923701,10.463132
9.71696,10.389026
10.022918,10.389026
9.94414,10.308986
9.514905,10.463132
10.088927,10.463132
10.00253,10.389026
9.875547,10.450684
9.75948,10.342999
9.894816,10.325515
9.824612,10.341775
10.027498,10.357775
9.959639,10.373523
9.619115,10.434145
9.719361,10.373523
9.380485,10.434145
9.8895445,10.434145
9.970058,10.341775
9.656091,10.106469
10.010248,10.373523
9.83462,10.341775
9.988135,10.434145
10.279969,10.434145
9.792403,10.346505
9.98964,10.422311
9.960529,10.422311
9.855128,10.275085
9.543513,10.357775
10.019892,10.357775
9.820077,10.357775
10.308235,10.357775
9.757943,10.404293
9.715016,10.275085
9.920396,10.341775
9.613462,10.308986
10.051256,10.373523
9.647768,10.389026
10.025242,10.341775
9.480239,10.257694
9.480771,10.373523
9.9316435,10.221977
10.069556,10.308986
9.506554,10.292179
9.684411,10.257694
10.042653,10.341775
10.017315,10.292179
9.877242,10.292179
9.921996,10.275085
9.516383,10.287287
9.735893,10.267158
9.563548,10.268166
10.085677,10.308986
10.054139,10.134639
9.700244,10.292179
8.802728,10.275085
9.672551,10.341775
9.561614,10.341775
9.37294,10.341775
9.499764,10.308986
9.929745,10.292179
10.070764,10.292179
9.617211,10.300618
9.858078,10.292179
9.81279,10.275085
9.587845,10.422311
9.730968,10.450481
9.3910055,10.313973
10.333423,10.126671
10.011355,10.043293
10.168084,10.221977
9.005876,10.308986
9.532487,10.275085
9.926904,10.308986
10.110045,10.308986
9.840133,10.257694
9.8567095,10.257694
9.232043,10.275085
9.885495,10.308986
10.052609,10.308986
9.856183,10.126671
9.529092,10.221977
9.2622,10.2036295
9.648977,10.221977
9.660653,10.106469
9.767741,10.2036295
9.649398,10.308986
9.614737,10.248884
9.918637,10.275085
9.9330015,10.257694
10.008009,10.221977
10.103618,10.221977
9.888746,10.126671
9.674829,10.308986
9.721618,10.126671
9.503945,10.308986
10.089784,10.275085
10.167895,10.275085
10.377265,10.239996
10.244391,10.308986
9.97148,10.257694
9.813072,10.221977
9.948346,9.615872
10.01466,10.221977
9.592557,10.1849375
9.9865,10.308986
10.245175,10.221977
10.059106,10.292179
10.213078,10.126671
9.774271,10.126671
10.499536,10.126671
9.952558,10.308986
10.00755,10.292179
10.073243,10.221977
10.045992,10.221977
9.531526,10.221977
10.061395,10.308986
10.281201,10.221977
9.899508,10.221977
9.290354,10.021315
9.585717,10.021315
8.935209,10.021315
9.991581,10.126671
10.413989,10.308986
9.920668,10.308986
9.794847,10.221977
9.920193,10.221977
10.176791,10.308986
9.35559,9.999752
10.216367,10.275085
9.405765,10.126671
9.602491,10.308986
9.977335,10.257694
9.18313,10.308986
9.500139,10.126671
10.068137,10.126671
10.034436,10.221977
9.372243,10.2036295
10.040399,10.221977
10.110704,10.308986
10.16974,10.308986
9.836312,10.308986
9.7872,10.221977
10.137129,10.275085
9.646522,10.221977
9.472469,10.221977
9.733352,10.126671
9.639697,10.308986
9.4166975,10.308986
10.278737,10.165891
10.296594,10.308986
10.046708,10.126671
9.857905,10.221977
9.525607,10.126671
10.030938,10.275085
10.138421,10.275085
9.533393,10.308986
9.092015,10.308986
9.18313,10.308986
9.735895,10.126671
9.991354,10.232647
9.36641,10.251959
9.444605,10.239996
9.1463995,10.275085
9.893556,10.275085
10.024726,10.292179
9.739646,10.2036295
9.824826,10.2036295
10.192277,10.275085
10.103212,10.268166
9.824203,10.085851
9.93816,10.181157
10.101398,10.181157
9.640567,10.239996
10.244398,10.221977
9.838492,10.239996
10.020043,9.987415
9.661351,10.2036295
9.447181,10.106469
9.910389,10.126671
10.028986,10.126671
9.750954,10.239996
9.582076,10.239996
9.82969,10.239996
10.082989,10.1849375
9.855475,10.126671
9.322392,10.1849375
9.691004,10.126671
9.806081,10.156229
9.996366,10.2036295
10.13325,10.1849375
10.114945,9.987415
9.953409,10.1849375
10.352339,10.1849375
10.027745,10.085851
9.692558,10.146473
10.019998,10.126671
10.040742,10.2036295
9.88181,10.165891
9.909604,10.165891
9.504512,10.2036295
10.203437,10.1849375
9.880744,10.2036295
9.908681,10.1849375
9.875649,10.221977
9.968622,10.1849375
10.14066,10.2036295
10.102546,10.239996
9.526827,10.165891
9.462102,10.239996
9.767233,10.1849375
9.648608,10.1849375
9.110606,10.175459
9.678002,10.2036295
9.765874,10.434145
9.589948,10.165891
9.787839,10.176601
9.741719,10.10238
9.631455,10.085851
9.3653345,10.077441
9.595899,10.182822
9.939579,10.165891
9.635457,10.1849375
9.523063,10.10553
9.858606,10.2036295
9.967178,10.2036295
10.04043,10.2036295
9.620998,10.165891
9.51663,10.165891
9.785117,10.2036295
10.23141,10.165891
9.682181,10.2036295
9.819041,10.126671
9.063607,10.2036295
10.127835,10.106469
10.202523,10.126671
10.083274,10.146473
9.669086,10.165891
9.290331,10.156229
9.515407,10.106469
9.982329,10.165891
9.237439,10.221977
10.213068,10.2036295
9.849022,10.332702
9.902807,10.045031
9.697484,10.193991
9.089965,10.042206
9.916342,10.134639
9.75127,10.174964
9.740197,10.172025
9.740197,10.172025
9.739046,9.98539
9.985051,10.146473
10.187534,10.165891
9.564719,10.142544
9.614141,10.165583
10.15528,10.106469
9.767753,10.165891
10.081572,10.126671
9.663814,10.126671
9.503537,10.019091
10.358903,10.126671
10.17766,10.043293
9.212737,10.146473
10.073052,10.165891
9.440351,10.043293
9.771888,10.085851
9.665831,9.987415
10.150313,10.126671
10.3457,10.106469
9.721754,10.165891
9.847659,10.126671
10.050172,10.146473
9.392852,10.069044
10.120315,10.126671
9.810472,10.043293
9.773416,10.146473
10.027374,10.165891
9.821941,10.021315
10.103696,10.165891
9.918885,9.987415
9.54326,10.085851
9.694629,10.137888
9.401179,10.153195
10.016665,10.145374
10.210199,10.268166
10.252497,10.134639
9.593388,10.126671
9.474475,10.146473
10.050889,10.064798
10.115555,10.021315
9.51857,10.021315
9.336958,10.064798
9.40672,10.126671
9.2789755,10.085851
9.938741,10.021315
9.790519,10.021315
9.673393,10.308986
10.2070265,10.021315
9.628055,10.043293
9.719977,10.064798
10.055372,10.126671
9.8059,9.581973
9.482573,10.126671
9.827212,9.878221
9.641551,10.126671
10.153945,10.021315
10.1080675,9.952325
9.603921,10.126671
9.788957,10.021315
9.924026,9.852247
9.851798,10.126671
9.8502655,10.021315
9.285892,10.126671
9.559014,10.221977
9.622072,10.021315
9.64264,10.085851
9.354272,10.085851
9.627688,10.126671
10.18312,10.126671
9.59844,10.021315
9.98122,10.064798
9.621661,10.064798
9.944466,10.106469
9.480599,9.839003
9.245055,9.839003
10.067613,10.126671
9.958476,9.975855
10.119754,10.126671
9.563283,9.975855
9.783966,10.021315
9.98029,10.021315
9.707677,10.064798
9.568404,10.021315
9.839714,9.975855
10.242335,9.903538
10.205997,10.064798
10.107053,10.021315
10.007384,10.126671
10.02008,10.126671
9.814495,9.975855
9.569612,10.126671
9.534395,10.021315
9.418943,10.221977
9.829135,9.975855
9.635543,10.021315
9.603955,10.126671
9.889533,9.433564
9.669551,10.126671
9.915879,10.085851
9.310492,10.021315
9.420035,10.021315
9.829207,10.085851
9.847043,9.975855
9.587713,10.106469
9.37864,10.043293
9.957838,9.903538
10.040963,9.852247
10.14976,10.043293
9.431916,10.126671
10.182443,10.126671
9.97236,10.021315
9.575709,10.059679
9.770978,10.112451
9.999049,10.216874
9.4986105,9.392745
9.627198,10.085851
9.481605,10.043293
10.189967,10.043293
9.72882,10.043293
8.972622,10.085851
9.71987,10.043293
9.560481,10.085851
9.940173,10.085851
9.956216,9.952325
9.840491,10.085851
9.758765,9.94035
9.874848,9.94035
9.602225,10.043293
9.725861,10.021315
9.238046,10.010142
9.883859,9.998843
10.190936,10.043293
10.133097,10.043293
9.823308,10.085851
9.790062,9.998843
10.000863,9.998843
9.875834,9.998843
9.708747,10.043293
9.99798,9.9804945
9.89814,10.085851
9.7110815,9.952325
9.67698,10.110542
9.81032,10.085851
9.642483,10.043293
9.706704,10.043293
10.088441,10.064798
9.777339,9.998843
10.185153,10.096213
9.787179,9.952325
9.866286,10.085851
9.769509,10.085851
9.712911,10.043293
9.72027,9.952325
10.017102,10.043293
9.874814,9.998843
9.4777975,9.998843
9.684565,10.085851
9.29304,10.085226
9.876224,9.993145
9.868822,10.041727
9.473718,10.041727
9.892921,10.199175
9.742164,10.000115
9.51752,9.928229
9.30664,9.975855
10.137349,9.903538
9.831187,10.043293
9.121725,10.043293
9.872415,9.928229
9.630982,9.998843
9.759305,9.975855
9.281913,9.975855
10.231643,10.021315
10.411723,10.043293
10.21499,10.043293
10.171346,10.043293
9.934276,10.043293
9.633616,10.043293
10.054376,9.928229
9.658368,9.903538
9.76353,9.975855
9.914878,10.043293
10.084279,9.928229
9.803216,9.961803
9.940406,9.998843
9.908942,9.928229
9.5748415,9.952325
9.26673,9.94035
9.45646,9.975855
10.004183,9.998843
10.076481,9.9804945
9.943883,10.162808
10.114656,10.105653
9.761065,9.915959
10.004769,9.952325
9.868668,9.903538
9.60639,9.903538
9.591941,9.903538
9.3891325,9.998843
9.392603,9.998843
9.535415,9.952325
9.475716,9.952325
9.376755,9.928229
9.824695,9.952325
9.10507,9.903538
9.662967,9.952325
10.053087,9.878221
10.234148,9.952325
9.877185,9.998843
9.7152815,9.975855
9.643866,9.903538
9.748041,9.952325
8.973094,9.928229
10.141484,9.998843
9.614943,9.903538
9.447932,9.998843
9.466415,9.903538
9.833822,9.928229
9.757855,9.89096
9.757274,9.89096
9.693175,10.064798
10.109842,9.928229
9.290436,9.770013
8.599459,9.770013
9.794963,9.988609
9.777774,9.988609
9.920899,9.998843
9.763683,9.952325
9.432418,9.952325
9.9936285,9.975855
9.915038,9.998843
9.591123,9.903538
10.081296,9.82558
9.38821,9.903538
9.942692,9.903538
9.56137,9.998843
9.696842,9.998843
9.526681,9.952325
9.7097435,10.12507
10.047962,10.002473
9.967601,9.9804945
9.98232,9.9804945
9.973265,9.9804945
10.089576,9.9804945
9.86663,9.9804945
9.98232,9.9804945
9.756278,9.9804945
10.184054,9.952325
9.803021,9.851615
9.6017885,9.845911
9.887149,9.927838
9.929911,9.903538
9.553523,9.852247
9.039526,9.770013
9.884559,9.852247
9.454684,10.085851
9.584594,9.852247
9.799466,9.878221
10.246276,9.852247
9.936442,9.903538
9.022499,9.878221
9.844804,9.852247
9.71297,9.865318
9.716065,9.865318
9.716065,9.865318
9.716065,9.865318
9.716065,9.865318
9.263503,9.878221
9.722985,9.82558
9.337247,9.878221
9.984752,9.852247
9.398639,9.952325
9.762258,9.878221
9.866479,9.929691
10.329291,9.923339
10.031501,10.085851
9.95833,9.958023
10.133622,9.862718
9.715794,9.879554
9.7907915,9.908376
9.783221,9.801344
9.42155,9.903538
9.03004,9.852247
9.5376215,9.903538
9.657348,9.852247
9.703385,9.903538
9.624994,9.903538
9.680072,9.903538
9.672754,9.903538
10.062824,9.7981825
9.865749,9.903538
9.30152,9.903538
9.212848,9.903538
9.703982,9.903538
9.513675,9.903538
9.804465,9.903538
9.714028,9.852247
9.639155,9.852247
10.156665,9.903538
9.998097,9.852247
9.774026,9.928229
9.921942,9.82558
9.310455,9.852247
9.471242,9.878221
9.292288,9.852247
9.957948,9.82558
9.198844,9.770013
9.277914,9.770013
9.123011,9.680407
9.612596,9.770013
9.858529,9.82558
9.305288,9.82558
9.798949,9.711176
9.88401,9.852247
9.785075,9.770013
9.729716,9.852247
9.336173,9.852247
9.906342,9.878221
9.500854,9.903538
9.240401,9.903538
9.641847,9.903538
9.536347,9.852247
9.744296,9.903538
9.904362,9.82558
9.814024,9.903538
9.579369,9.903538
9.590481,9.852247
9.727334,9.852247
9.975935,9.852247
10.018563,9.770013
9.875649,9.82558
9.902355,9.852247
9.637202,9.903538
9.134723,9.7981825
10.206504,9.852247
10.174107,9.903538
9.851741,9.903037
9.541895,9.903538
9.323039,9.901034
9.627366,9.8705
9.82728,9.778661
9.392457,9.852247
8.956076,9.856396
9.329539,9.852247
9.536093,9.878221
9.642407,9.878221
9.72132,9.852247
10.084159,9.7981825
9.589493,9.852247
9.410975,9.878221
9.653234,9.770013
9.732238,9.7981825
9.60252,9.852247
9.902725,9.8119755
9.348469,9.852247
9.64564,9.770013
9.682694,9.852247
9.377804,9.770013
9.660852,9.865318
9.448965,9.82558
9.624818,9.819127
9.315749,9.727168
9.61556,9.805544
9.552234,9.82179
9.189422,9.7981825
9.876172,9.711176
9.54331,9.741028
9.369017,9.185125
9.5001745,9.741028
9.932137,9.809232
9.509851,9.7981825
8.752311,9.711176
9.43653,9.7981825
8.849632,9.878221
9.854628,9.755626
9.615151,9.7981825
9.944658,9.7981825
10.093299,9.770013
9.155035,9.7981825
9.503829,9.546884
9.184728,9.546884
9.382474,9.615872
9.795026,9.711176
9.5209,9.711176
9.7653265,9.546884
9.861907,9.741028
9.736817,9.741028
9.58859,9.741028
9.89631,9.82558
10.065522,9.741028
9.510251,9.711176
9.454429,9.7981825
10.128723,9.770013
9.752162,9.82558
9.894442,9.741028
9.796412,9.741028
9.561903,9.755626
9.490603,9.755626
9.724714,9.7981825
10.098553,10.146473
9.387192,9.64866
9.855773,9.741028
9.576812,9.770013
9.516173,9.7981825
9.263377,9.73181
9.623061,9.787066
9.464243,9.811427
9.76292,9.433564
9.862412,9.615872
9.79644,9.711176
10.033036,9.726213
9.488306,9.741028
8.880698,9.64866
9.985172,9.711176
9.182075,9.784197
9.814038,9.770013
9.657743,9.741028
9.744687,9.680407
9.670815,9.711176
9.84947,9.581973
9.940463,9.711176
9.827226,9.755626
9.712582,9.711176
9.696807,9.64866
9.507522,9.711176
9.351006,9.711176
9.824922,9.6959095
10.096916,9.770013
9.981582,9.741028
9.64873,9.711176
9.325867,9.8119755
9.995839,9.755626
9.269473,9.733707
10.301009,9.862718
9.973445,9.700208
9.815837,9.958023
9.296376,9.720586
9.972747,9.842516
9.542373,9.680407
9.128463,9.6959095
9.860805,9.680407
9.478287,9.680407
9.756136,9.903538
9.5906515,9.711176
9.766103,9.680407
9.519235,9.711176
9.658079,9.680407
9.367937,9.64866
9.729299,9.615872
9.704946,9.680407
9.451041,9.680407
9.930675,9.680407
9.798824,9.711176
9.373627,9.711176
9.223916,9.575053
9.835612,9.680407
9.674123,9.64866
9.210859,9.692828
9.623309,9.741028
9.7227335,9.680407
9.604441,9.615872
9.830451,9.680407
9.888101,9.628853
9.412438,9.7976265
10.212085,10.221977
9.514583,9.638676
9.730369,9.757363
10.101209,9.757363
10.053542,9.639587
9.474075,9.757363
9.534755,9.757363
9.463391,9.623377
9.586591,9.599202
9.708804,9.573316
9.735568,9.528867
10.029065,9.878221
9.549949,9.564583
9.4977455,9.615872
9.641493,9.433564
9.316214,9.564583
9.78218,9.528867
10.022826,9.528867
9.748149,9.581973
9.505736,9.539716
9.304133,9.615872
9.831447,9.596418
9.3050165,9.580869
9.501343,9.700208
10.038666,9.670357
10.166818,9.700208
9.629464,9.472781
9.220649,9.472781
9.842831,9.694616
9.659689,9.678405
9.485633,9.510519
9.207134,9.581973
9.96452,9.546884
9.069454,9.546884
9.718089,9.65323
9.428832,9.654449
9.406364,9.652009
10.103852,9.575053
9.495135,9.639587
10.062968,9.639587
9.945183,9.639587
10.100171,9.639587
9.8553915,9.501591
9.566498,9.571714
9.682141,9.620661
9.758104,9.522301
10.059447,9.510519
10.439776,9.472781
9.833657,9.472781
9.291718,9.601369
9.477681,9.588297
9.496476,9.588297
9.201381,9.512443
9.624312,9.575053
9.763886,9.575053
10.015992,9.541154
9.422065,9.575053
9.595923,9.441531
9.408931,9.392745
10.32824,9.392745
9.579228,9.392745
9.907678,9.614271
9.35756,9.506065
9.834838,9.506065
8.975277,9.506065
8.975277,9.506065
8.975277,9.506065
8.975277,9.506065
9.798758,9.506065
8.975277,9.506065
8.975277,9.506065
9.912097,9.425775
9.831485,9.431963
9.840294,9.383033
9.485503,9.383033
10.246655,10.962666
10.148573,8.853808
10.204163,8.794976
9.725198,9.575053
9.428789,9.488048
10.268767,8.699681
10.246787,8.7194805
9.933906,9.616672
9.904609,8.679482
9.278478,9.7981825
9.539987,9.615872
9.920197,8.7194805
9.89701,8.7194805
10.350545,10.223866
9.317243,9.552226
9.297052,9.915959
9.858041,11.231901
9.772321,9.979939
9.354192,9.9804945
9.931784,10.280999
9.695027,10.280999
9.920128,10.309819
9.32821,9.9804945
9.172536,9.9804945
9.877272,10.240924
9.446492,10.158169
9.831456,9.488048
9.507346,10.181157
9.417993,10.181157
9.435617,8.77663
10.02107,9.966509
9.55043,10.085851
9.874704,10.268166
10.082549,10.134639
9.991531,10.134639
9.910576,10.238709
10.2772,10.269206
10.006696,10.157975
10.245073,11.000248
9.924812,10.491302
10.521082,10.778977
9.935885,10.778977
10.071825,10.695598
9.743381,10.59666
10.009033,10.71444
10.331092,10.819798
9.739376,11.248973
10.165544,10.532123
9.821555,10.628158
9.542941,10.673619
9.965697,10.837245
9.335665,10.758775
9.790416,10.393325
9.444316,10.234265
10.176201,10.504547
9.444316,10.234265
9.43192,10.234265
9.783202,10.555839
10.104871,10.778977
9.93234,10.778977
9.944162,8.7194805
9.930671,8.7194805
9.944809,8.679482
10.284419,10.851296
10.165544,10.463132
9.852593,11.289794
10.133405,10.819798
10.236703,11.002116
10.315564,11.041337
10.294787,10.404293
10.200184,10.8685875
10.539489,10.959558
9.956437,11.082158
10.573866,10.491302
10.428735,11.002116
10.288918,10.8685875
10.238282,10.8685875
9.982853,10.768506
10.015752,11.294782
10.544137,11.407576
9.706035,10.532123
10.619182,11.082158
9.706664,10.275085
10.458721,10.59666
10.565036,10.959558
10.556813,11.320565
9.988349,10.165891
10.04617,10.819798
10.186411,10.448744
10.06655,10.463132
9.846028,10.532123
9.076629,9.784197
9.287712,9.998843
10.398496,10.434145
10.216016,10.308986
9.859377,11.184435
10.098414,10.448744
10.138802,9.9804945
10.064717,10.308986
9.612368,10.819798
9.361114,10.257694
9.579159,10.341775
9.827089,10.356186
9.675254,10.768506
9.728078,10.819798
10.304969,10.71444
10.025936,10.1849375
9.836745,10.994084
10.193946,11.041337
9.868588,10.757924
10.181913,10.239996
10.091125,10.829748
10.16191,10.448744
9.437842,10.165891
10.063919,10.532123
10.126834,10.532123
10.20475,11.338584
9.766676,9.546884
9.989825,10.463132
9.650631,10.341775
10.1031275,11.350418
9.759756,10.308986
10.114751,10.71444
10.674612,10.657283
9.731226,10.275085
10.705243,11.320565
10.136969,9.7981825
10.026474,10.239996
10.026923,10.532123
10.663853,11.079077
10.293805,10.389026
10.001344,10.72549
9.732022,10.463132
10.286374,10.59666
10.313699,10.257694
9.957078,10.2036295
10.44193,10.021315
10.51986,11.379406
10.405133,10.126671
10.496617,10.959558
10.137073,9.975855
10.066146,10.657283
9.727099,9.952325
9.775336,10.357775
10.434251,11.366755
10.101675,10.181157
10.012599,10.1849375
9.8451805,10.144117
10.100146,11.184435
10.089715,10.021315
10.321859,10.855937
9.523387,10.045031
9.626843,10.657283
10.051948,11.041337
9.952376,9.711176
10.587538,10.950824
10.305565,10.59666
9.050437,10.045031
9.7346525,10.927394
9.909476,10.332702
10.286533,10.532123
9.7457075,10.021315
10.601689,11.414221
10.562897,9.575053
10.347823,9.852247
9.955556,10.221977
10.096394,10.275085
9.94597,10.959558
9.802493,10.736419
10.647648,11.141876
10.069722,10.819798
9.958203,10.657283
10.514793,11.373675
10.430898,11.279744
10.212629,11.115443
10.606111,10.717103
10.451072,11.233225
10.208616,10.422311
10.052662,10.518701
9.878425,10.389026
9.727972,11.082158
9.528393,10.532123
10.182607,10.373523
9.537084,10.657283
9.841565,9.878221
10.267789,11.119898
10.050046,10.59666
9.851834,10.389026
9.835516,10.71444
10.242532,10.002473
10.03752,10.59666
9.336263,10.045031
10.203331,11.184435
9.575302,10.477316
10.147006,11.008164
9.050649,10.959558
9.837886,9.998843
10.243838,10.532123
9.4890995,10.768506
10.394576,10.673619
10.114087,10.915107
10.223487,10.221977
10.182074,10.2036295
10.271771,10.71444
10.164644,10.580531
9.686872,11.071642
9.912324,10.532123
9.888465,11.097425
9.841157,9.729194
10.409067,11.338584
9.974507,10.59666
9.440049,10.257694
10.35559,10.657283
10.19617,10.58661
10.262864,10.768506
9.465043,10.389026
10.158034,11.289794
9.928772,10.064798
9.853008,10.78934
9.721187,9.7981825
10.295335,10.657283
9.63798,10.389026
10.8104315,10.915107
9.7157755,10.126671
9.935874,10.8685875
10.8089075,11.082158
9.72918,10.657283
10.303029,10.532123
9.802082,10.308986
10.016602,10.59666
10.163954,10.959558
10.247561,10.915107
10.522143,11.002116
10.130385,9.952325
9.881061,9.575053
9.976415,10.239996
9.537517,10.363472
10.159433,9.9804945
9.670477,10.434145
9.984937,11.097425
10.189807,10.043293
9.8501005,10.555839
10.213782,10.341775
10.350944,10.388842
9.958047,10.633472
9.772933,10.021315
10.530654,10.126671
10.21441,10.915107
10.048696,10.8685875
10.025342,10.59666
9.343871,10.2036295
10.0046,10.657283
9.336263,9.958023
9.834688,10.2036295
10.092273,9.757363
10.036511,10.463132
9.301117,10.1849375
9.546822,9.711176
9.675816,10.308986
10.38709,11.042938
9.925567,10.59666
10.01221,10.422311
10.192258,11.289794
10.411519,11.191356
10.495336,10.915107
9.715238,10.064798
9.865361,10.819798
10.330667,10.959558
9.834896,11.264477
10.015761,10.59666
10.032987,10.308986
10.569459,10.915107
10.28976,10.8685875
9.970661,10.419331
10.173243,11.041337
10.236697,10.915107
10.084977,10.819798
9.8772135,10.021315
9.961463,10.71444
10.271781,10.71444
9.923163,10.532123
10.309497,10.463132
10.537945,10.915107
10.156831,10.463132
10.436282,10.1849375
9.967767,10.71444
10.002448,10.341775
10.388575,10.532123
10.256804,10.673619
10.4657545,11.025832
10.156081,10.8685875
10.531154,11.472114
10.23821,10.71444
9.942716,10.463132
9.95169,9.757363
10.168999,10.530521
10.225614,10.530521
10.354169,10.389026
10.008378,10.404293
9.690553,10.021315
9.93815,10.849357
9.675548,10.106469
9.651028,9.811427
10.226806,10.977824
10.537427,10.308986
10.250737,10.768506
10.414193,10.915107
9.942331,11.512936
10.076859,11.407576
10.071612,11.407576
10.053704,11.082158
9.94823,11.407576
10.035197,11.156265
9.570409,11.225257
9.937398,11.021919
10.170337,11.156265
10.146201,11.184435
9.951543,11.082158
9.785532,11.082158
10.002511,11.042938
10.303293,10.959558
10.129468,10.8685875
10.167144,10.959558
9.929955,10.915107
9.951058,10.8685875
9.801698,10.915107
10.355557,10.819798
9.787429,10.967939
10.302801,10.768506
9.210322,10.434145
9.174235,10.434145
9.954631,10.819798
10.449218,10.819798
10.153092,10.71444
10.343757,10.657283
10.393331,10.778977
9.842909,10.558439
9.579469,10.71444
10.336794,10.71444
9.848256,10.657283
9.552218,10.804238
9.8705435,10.456539
9.813018,10.463132
9.912884,10.59666
10.154361,10.532123
9.760469,10.463132
10.433518,10.532123
9.101706,10.221977
10.243005,10.463132
9.676036,10.463132
9.30558,10.257694
9.800756,10.1849375
9.744123,10.221977
9.437195,10.389026
9.650149,10.389026
9.4829645,10.325351
9.723063,10.389026
10.085399,10.308986
9.936105,10.308986
10.139323,10.275085
9.592465,10.341775
9.55825,10.275085
9.821879,10.275085
10.001864,10.221977
9.44406,10.221977
9.945941,10.221977
10.326238,10.239996
9.861244,10.221977
9.642951,10.2036295
9.6030855,10.043293
10.07286,10.126671
9.708213,10.165891
10.151384,10.165891
9.123275,9.903538
9.456204,9.903538
9.83954,10.021315
9.893163,10.085851
9.651302,9.952325
9.365959,10.045031
9.922805,9.928229
9.723603,9.928229
9.292215,9.975855
9.2433,9.928229
9.781419,9.998843
9.776347,9.952325
9.294009,9.952325
9.182979,9.729194
9.340489,9.8119755
9.905122,9.903538
9.887993,10.1849375
9.35553,9.903538
10.181097,9.852247
9.136135,9.8119755
9.759947,9.741028
10.263925,9.82558
9.727801,9.7981825
9.623744,9.711176
10.115842,9.741028
9.486157,9.761405
9.362605,9.755626
9.6356945,9.64866
8.878163,9.711176
9.427589,9.581973
9.237683,9.546884
9.562594,9.472781
9.9467945,9.392745
10.155091,10.167427
10.049491,10.167427
9.73729,9.392745
9.308704,8.699681
9.346856,9.639587
9.1135845,9.862718
9.818866,9.506065
9.680757,9.639587
9.329179,9.862718
9.24495,9.757363
9.774169,9.862718
9.197494,9.431963
9.437558,9.392745
9.612349,10.555839
9.424291,9.639587
9.590545,9.351927
9.571204,9.862718
9.785949,9.757363
9.363926,9.862718
9.44786,9.700208
9.348468,9.862718
9.396125,9.862718
9.740457,9.639587
9.812089,9.862718
9.403131,9.862718
8.815478,9.639587
9.258436,9.862718
9.746226,9.169622
9.807807,9.169622
9.78029,10.422311
9.713542,9.862718
9.50549,8.812992
9.130929,9.729194
9.507298,9.700208
9.6838,9.862718
9.575845,9.862718
9.260724,9.431963
10.026019,9.862718
9.597422,9.639587
9.577194,9.218408
9.807737,9.639587
9.936257,9.862718
9.717486,9.506065
9.646152,9.862718
9.6689825,9.639587
9.703039,9.862718
9.197207,9.506065
9.894057,9.757363
9.796516,9.639587
9.615935,9.639587
9.193324,9.392745
9.540008,9.729194
9.640044,9.862718
9.254001,9.729194
9.491528,9.392745
9.851806,9.862718
9.769683,9.9804945
9.423581,9.729194
9.499683,9.169622
9.425241,9.264923
9.4798975,9.639587
9.844707,8.946505
9.592198,9.351927
9.610295,9.757363
9.846074,10.2036295
10.169199,11.461642
9.892793,11.225257
10.283526,11.289794
10.249679,11.320565
10.177977,11.338584
10.454922,11.191356
9.939517,11.248973
10.214576,10.959558
10.096386,10.993749
10.39335,11.115443
10.364688,10.910551
9.821798,10.8685875
9.946145,10.915107
9.761935,10.8685875
10.078017,10.915107
10.265255,10.907807
10.370753,10.851296
10.184907,10.8685875
10.153721,10.915107
10.21039,10.915107
10.370128,10.819798
10.140558,10.915107
10.001693,10.819798
10.110497,10.819798
10.20275,10.819798
9.800597,10.819798
10.233866,10.819798
9.940331,10.899089
9.832803,10.736419
9.899945,10.691968
9.929242,10.757924
9.944001,10.126671
10.153243,10.768506
10.087588,10.657283
10.102035,10.59666
9.88785,10.71444
10.193519,10.71444
9.972912,10.558439
10.14206,10.668979
9.906663,10.778977
9.789385,10.571342
9.849957,10.72549
9.905047,10.680539
10.382188,10.72549
9.874419,10.633472
9.874407,10.633472
10.036803,10.59666
10.096175,10.59666
9.85626,10.657283
9.772492,10.558439
9.993447,10.532123
10.216863,10.021315
10.257224,10.021315
10.296992,10.59666
9.95227,10.59666
10.100076,10.59666
9.778454,10.657283
9.849132,10.633472
10.089307,10.657283
10.119189,10.59666
9.797048,10.609082
9.886569,10.540196
9.955936,10.59666
9.814303,10.463132
10.225431,10.532123
10.256661,10.532123
10.259861,10.532123
9.797768,10.532123
9.695728,10.532123
9.939843,10.532123
10.166309,10.518701
10.142964,10.532123
10.125033,10.463132
10.147207,10.448744
10.188268,10.463132
9.803994,10.436202
9.854163,10.491302
9.992792,10.463132
10.030593,10.357775
9.899636,10.389026
9.954364,10.308986
10.01769,10.357775
9.7611,10.463132
10.023982,10.289973
9.819585,10.434145
9.983522,10.463132
10.010633,10.308986
9.700578,10.389026
10.246441,10.389026
9.601915,10.308986
9.692521,10.308986
9.883504,10.330225
10.01584,10.308986
9.88393,10.325515
10.271459,10.373523
10.154214,10.308986
9.984925,10.389026
10.259866,10.47788
9.9984045,10.126671
9.961848,10.308986
9.910343,10.126671
10.174507,10.275085
9.9272585,10.221977
9.943518,10.221977
9.7330885,10.221977
9.944598,10.308986
10.132717,10.308986
10.095003,10.221977
9.614852,10.239996
9.877688,10.221977
10.027958,10.1849375
9.717317,10.106469
10.031517,10.126671
10.098852,10.126671
10.023822,10.146473
10.335593,10.221977
9.926463,10.2036295
9.841234,10.153506
9.633129,10.085851
10.2224655,10.126671
10.110778,10.126671
9.69364,10.126671
9.590391,9.952325
9.901356,10.021315
9.892721,10.099629
9.873292,10.099629
10.1099825,10.064798
9.825242,10.065649
10.008635,10.12507
9.754741,10.064798
10.1247835,10.043293
9.965707,9.841665
9.939361,9.685393
9.9556055,9.64866
10.073044,9.350189
10.158599,10.085851
10.14013,10.463132
10.222476,10.680539
10.741559,10.915107
10.357333,11.115443
10.846606,10.874286
10.632603,11.338584
10.611274,10.758775
9.932858,10.961295
10.163372,10.961295
10.42212,11.264477
10.442071,11.233225
10.422195,11.279744
10.02828,10.819798
10.386417,11.264477
10.153605,10.221977
10.217511,10.59666
10.142932,10.389026
10.015452,9.741028
10.2386675,10.363472
10.324956,10.275085
10.282411,10.393325
10.201703,11.350418
10.078972,11.496806
10.159341,11.496806
10.244476,10.165891
9.868575,10.126671
10.112892,10.71444
10.157483,10.463132
9.795311,9.770013
9.9555025,10.463132
9.984889,10.221977
9.93333,10.021315
10.214405,10.71444
9.705193,10.021315
9.999997,9.770013
9.85555,10.021315
9.819163,10.221977
9.936974,10.463132
9.96338,10.221977
9.491425,9.770013
9.733057,9.770013
9.524238,10.221977
9.643892,10.021315
9.401076,10.221977
9.8489275,10.021315
9.857429,9.770013
10.03166,10.221977
10.092847,10.221977
9.937546,10.021315
9.799678,9.770013
9.723639,9.770013
9.577978,10.221977
9.486548,9.770013
9.598437,9.770013
9.461213,9.770013
9.848987,10.021315
9.780179,10.021315
9.628991,10.021315
10.317283,10.819798
9.804095,9.741028
10.419738,11.350418
10.028834,11.350418
10.234137,10.357775
10.043401,11.472114
10.506845,11.082158
10.254671,10.532123
10.364014,10.71444
10.358077,10.819798
10.387692,11.002116
10.493268,11.225257
10.242942,11.184435
9.871449,9.564583
9.700034,9.770013
10.038117,10.738156
10.03029,10.308986
10.269786,9.998843
9.521713,9.4844055
9.439584,9.506065
10.446921,10.758775
10.314859,10.651147
9.659276,9.636457
9.902003,10.71444
10.028333,10.199175
9.936144,10.373523
10.357402,10.914888
10.028333,10.199175
9.913923,10.837245
10.529628,10.818197
10.047231,10.27846
9.626681,10.393325
9.871942,10.199175
10.439267,10.994084
9.739495,10.434145
9.988097,11.248973
10.131906,11.248973
10.001504,11.512936
10.200698,10.819798
9.615769,10.043293
9.864068,9.7981825
10.124757,10.915107
10.361426,10.915107
10.194561,10.915107
9.796989,10.915107
9.616326,10.915107
10.07167,11.002116
9.66311,10.819798
10.069432,10.71444
9.993208,10.71444
9.775987,10.71444
9.735519,10.59666
9.911431,10.71444
9.479882,10.657283
10.296193,10.72549
9.59411,10.633472
9.684033,10.633472
10.526063,10.532123
9.785247,10.518701
9.7221575,10.434145
9.859364,10.59666
9.947777,10.532123
9.838605,10.491302
9.90072,10.518701
10.023963,10.434145
9.791909,10.308986
9.412784,10.325515
9.423757,10.257694
9.82778,10.341775
10.179687,10.221977
9.98224,10.308986
10.083544,10.2036295
9.993318,10.193728
9.452268,10.043293
10.006598,10.021315
9.793593,10.021315
9.905145,10.021315
9.827018,9.998843
9.817615,9.998843
10.060664,9.407797
10.026298,10.584082
9.940433,10.308986
10.14853,10.341775
10.1898985,9.928229
9.9016485,10.71444
9.513287,10.126671
9.505222,10.389026
9.505171,9.903538
10.103754,9.928229
10.407362,10.896758
10.488082,10.993749
10.151877,10.915107
10.423801,11.608245
10.613297,11.407576
10.349333,11.512936
10.475564,11.512936
9.973947,10.043293
9.915634,10.509169
10.134303,10.363472
9.956058,9.64866
10.184737,10.064798
9.792261,10.579768
10.034268,10.308986
9.890462,10.673619
10.508419,10.239996
10.385669,10.933125
9.776899,11.156265
9.982434,10.558439
10.568333,10.504547
9.738622,9.852247
9.350764,9.792612
9.769517,11.512936
8.987283,11.302217
8.997227,9.615872
9.2809725,9.615872
9.135491,9.903538
9.373507,9.852247
10.722008,10.59666
9.673343,8.518592
9.73683,10.034559
9.863676,10.308986
9.886081,10.034559
9.7225065,9.65509
9.491399,10.034559
9.690123,10.034559
9.6408205,10.034559
9.874466,10.034559
9.905696,10.034559
9.752841,10.034559
9.747384,10.034559
9.627597,10.034559
9.858319,10.034559
9.758742,10.034559
10.096958,10.657283
